Date,Average Voltage (V),sensor 1,sensor 2,sensor 3,sensor 4,sensor 5,sensor 6,sensor 7,sensor 8,sensor 9,sensor 10,sensor 11,sensor 12,sensor 13,sensor 14,sensor 15,sensor 16,sensor 17,sensor 18,sensor 19,sensor 20,sensor 21,sensor 22,sensor 23,sensor 24,sensor 25,sensor 26,sensor 27,sensor 28,sensor 29,sensor 30,sensor 31,sensor 32,sensor 33,sensor 34,sensor 35,sensor 36,sensor 37,sensor 38,sensor 39,sensor 40,sensor 41,sensor 42,sensor 43,sensor 44,sensor 45,sensor 46,sensor 47,sensor 48,sensor 49,sensor 50,sensor 51,sensor 52,sensor 53,sensor 54,sensor 55,sensor 56,sensor 57,sensor 58,sensor 59,sensor 60,sensor 61,sensor 62,sensor 63,sensor 64,sensor 65,sensor 66,sensor 67,sensor 68,sensor 69,sensor 70,sensor 71,sensor 72,sensor 73,sensor 74,sensor 75,sensor 76,sensor 77,sensor 78,sensor 79,sensor 80,sensor 81,sensor 82,sensor 83,sensor 84,sensor 85,sensor 86,sensor 87,sensor 88,sensor 89,sensor 90,sensor 91,sensor 92
2025-04-04,122.89020,127.25864,123.54386,123.79087,125.87026,126.18602,125.75469,122.76466,121.11286,126.87213,124.50692,123.85913,124.79440,121.84578,123.37413,126.94726,128.12355,122.65572,124.74074,125.93244,125.05308,125.67645,124.57942,123.54966,125.35270,125.08351,125.54682,124.77634,124.12171,124.42789,122.47956,123.67384,119.30696,121.65583,122.44445,123.86362,122.38744,120.87767,121.91155,122.16635,124.60842,124.47411,122.10228,123.68863,123.55101,122.07759,123.00067,122.03307,120.87072,121.03673,122.59070,123.70541,122.57575,122.92397,123.57667,122.59188,121.95799,123.06399,121.92583,122.35891,121.64590,120.99505,121.65543,124.15455,118.25584,121.02047,119.96809,121.86017,120.93176,122.61987,120.48965,122.15525,120.65402,124.29958,121.82773,127.94472,124.46223,119.19921,120.27118,121.25489,120.70855,120.95233,120.42937,121.35674,119.96638,122.57843,121.14432,120.83783,121.96964,124.87739,120.10693,119.85984,121.84371
2025-04-05,122.90246,127.22669,123.63736,123.85725,125.99496,126.30902,125.83778,122.77968,121.12824,126.98525,124.58419,123.99548,124.93370,121.84833,123.47226,127.08516,128.25689,122.68026,124.79465,126.04646,125.18114,125.82143,124.72753,123.65963,125.45003,125.13678,125.71784,124.89085,124.20503,124.63738,122.54886,123.72710,119.38347,121.64724,122.51146,123.91078,122.50892,120.90968,121.92483,122.25937,124.79723,124.53091,122.21408,123.77295,123.61777,122.15821,123.09589,122.11180,120.94799,121.12999,122.66755,123.77354,122.67615,122.98385,123.68706,122.71108,122.01927,123.12268,121.92797,122.22981,121.44132,120.87135,121.48932,124.02433,118.12106,120.84888,119.84853,121.70585,120.76276,122.58087,120.30746,121.76184,120.41816,124.04139,121.72838,128.18482,124.54765,119.03991,120.19595,121.12849,120.58768,120.80769,120.32594,121.25324,119.84871,122.53542,121.11890,120.70082,121.87790,124.97252,120.10077,119.68399,121.77594
2025-04-06,122.81046,127.12752,123.59314,123.86276,125.97818,126.31204,125.81763,122.68406,121.01587,127.00248,124.56338,124.01689,124.92481,121.73208,123.44134,127.07558,128.28505,122.60278,124.78335,126.05313,125.15501,125.85091,124.76354,123.66277,125.42678,125.08491,125.76664,124.86986,124.16138,124.67720,122.52675,123.64408,119.35961,121.57867,122.46225,123.89546,122.49994,120.86715,121.80821,122.25269,124.84168,124.48654,122.19490,123.72103,123.55909,122.13400,123.02223,122.03448,120.93735,121.12240,122.60395,123.75772,122.63785,122.93374,123.63836,122.72061,122.01155,123.12783,121.87857,122.01426,121.15561,120.64075,121.22790,123.72060,117.86586,120.59973,119.62929,121.46959,120.48309,122.47535,120.13914,121.47886,120.25301,123.73473,121.56417,128.29362,124.50196,118.84237,120.06148,120.94065,120.35789,120.57868,120.13955,121.09734,119.66670,122.34204,120.94239,120.47769,121.63144,124.91458,119.90323,119.34827,121.51249
2025-04-07,123.12846,126.87828,123.50898,123.78453,125.79096,126.04764,125.70539,122.75360,121.08228,126.73373,124.41783,123.90429,124.75440,121.76023,123.48194,126.93606,128.23133,122.71174,124.52058,125.93472,124.76207,125.58639,124.73305,123.51934,125.24395,124.85167,125.62243,124.64825,123.89153,124.43116,122.58795,123.69930,119.43382,121.62602,122.55879,123.91891,122.56354,120.93751,121.87525,122.36722,124.90690,124.60464,122.22772,123.73408,123.57539,122.14070,123.03849,122.07919,121.01900,121.27035,122.63614,123.85040,122.67196,122.92455,123.69992,122.77976,122.04865,123.11284,121.85765,122.91326,122.41862,121.86260,122.19390,124.78567,118.97940,121.67006,120.81204,122.62802,121.50874,123.16168,121.33853,122.50183,121.48939,124.68561,122.36699,128.31158,124.31078,119.94514,121.32466,122.14714,121.37508,121.45704,121.28459,122.13231,120.42903,123.10059,122.05867,121.46731,122.70779,124.78435,120.92613,120.39945,122.36288
2025-04-08,123.33471,126.77210,123.50152,123.76577,125.72929,125.92214,125.67252,122.84205,121.20853,126.63373,124.33805,123.91917,124.68511,121.84425,123.54719,126.91083,128.19437,122.82547,124.40008,125.92785,124.57930,125.48040,124.75513,123.48092,125.13021,124.72298,125.55546,124.53963,123.77272,124.35855,122.70554,123.78018,119.54185,121.69439,122.63534,123.96419,122.66384,121.04407,122.02202,122.51298,124.96005,124.81849,122.29030,123.71951,123.66882,122.20220,123.12193,122.18191,121.11760,121.38396,122.71930,123.91362,122.70208,122.96198,123.78769,122.87182,122.08758,123.07386,121.88371,123.41825,123.03674,122.43861,122.79086,125.52964,119.54329,122.28164,121.54753,123.14782,122.13966,123.65839,121.86000,122.95033,122.05596,125.18302,122.90208,128.44160,124.20510,120.61409,121.95948,122.73012,121.83884,121.94115,121.87894,122.74108,120.77937,123.47471,122.80625,122.04206,123.39949,124.72754,121.62434,121.08098,122.98676
2025-04-09,123.26694,126.70913,123.39126,123.66412,125.49963,125.76903,125.43967,122.56334,120.98135,126.48752,124.18669,123.71074,124.61111,121.66042,123.23575,126.62441,128.09247,122.50566,124.38236,125.76183,124.60883,125.40813,124.42161,123.37564,124.95393,124.59502,125.28533,124.34854,123.73112,124.21675,122.52921,123.46547,119.34464,121.50939,122.43244,123.70287,122.42819,120.89945,121.87555,122.34404,124.63689,124.57826,122.08457,123.48827,123.46265,122.04724,122.93385,121.98847,120.92894,121.25242,122.49084,123.69589,122.38647,122.79845,123.52051,122.59061,121.92247,122.81733,121.60801,123.49054,123.28445,122.46729,122.94498,125.53775,120.01680,122.62213,121.68687,123.39599,122.43809,123.46980,122.10606,122.97688,122.48245,125.34856,122.94673,127.87778,123.98289,121.04384,122.13315,122.93202,121.99614,122.21563,122.07277,122.75944,120.93209,123.47301,122.99160,122.37043,123.57766,124.27596,121.78107,121.43752,123.49532
2025-04-10,123.25706,126.79582,123.35814,123.69940,125.55621,125.88649,125.50163,122.36442,120.82364,126.65298,124.23792,123.70955,124.70370,121.62046,123.19621,126.70165,128.11993,122.30153,124.49670,125.82016,124.77689,125.57541,124.49865,123.42372,125.04345,124.71850,125.28565,124.43163,123.83372,124.32227,122.51500,123.43953,119.27946,121.45828,122.37743,123.70390,122.38528,120.85354,121.83387,122.31924,124.63239,124.52411,122.03613,123.42428,123.42059,122.01039,122.92124,121.94158,120.87315,121.23591,122.43646,123.65584,122.33922,122.76902,123.45970,122.57630,121.87552,122.81697,121.52563,123.41677,123.31051,122.45604,122.86873,125.50885,119.94346,122.61954,121.64527,123.37969,122.36263,123.34830,122.14391,122.84748,122.48873,125.27476,122.83353,127.87653,124.01870,121.07181,122.13868,122.88678,121.85072,122.12316,122.07076,122.72473,120.86921,123.40723,122.94349,122.36452,123.59834,124.26321,121.87963,121.44058,123.58056
2025-04-11,123.47858,126.98992,123.47128,123.85188,125.73084,126.13840,125.69445,122.32777,120.82239,126.93300,124.41785,123.83676,124.94510,121.75928,123.31209,126.92652,128.31043,122.27248,124.75858,126.04462,125.06390,125.89304,124.71487,123.61753,125.30935,125.03905,124.27004,124.68318,124.08828,124.60532,122.70234,123.58233,119.39203,121.57536,122.47931,123.86691,122.47421,120.99038,121.98556,122.45130,124.79548,124.57630,122.15900,123.52653,123.55601,122.12703,123.07182,122.07642,120.97901,121.43327,122.55374,123.76730,122.46179,122.92327,123.55260,122.70757,121.97996,123.01605,121.61709,123.63081,123.76276,122.89366,123.14189,125.75109,120.32223,123.11660,122.07433,123.75209,122.65248,123.48084,122.68457,123.17169,122.97945,125.54564,122.97928,127.97398,124.19912,121.48147,122.57217,123.24345,122.14318,122.50422,122.50980,123.18981,121.16330,123.66941,123.36976,122.81079,124.13655,124.43295,122.38404,121.86133,124.23538
2025-04-12,123.47262,126.97160,123.50469,123.89367,125.73662,126.18096,125.73801,122.37614,120.83551,126.99914,124.41919,123.85122,124.94324,121.75713,123.36157,126.92456,128.39122,122.32816,124.78970,126.07456,125.04578,125.92480,124.76823,123.62570,125.33037,125.08785,124.05013,124.70867,124.07941,124.60461,122.72543,123.64394,119.43329,121.61586,122.53032,123.94450,122.51434,120.99439,122.01268,122.51952,124.91350,124.60634,122.20410,123.57467,123.60111,122.15644,123.10881,122.10137,121.05904,121.44456,122.60908,123.81693,122.51947,122.93163,123.60723,122.75920,122.05866,123.10466,121.70365,123.59744,123.56129,122.86403,123.11344,125.53037,120.31722,123.02362,122.00092,123.68454,122.58822,123.52142,122.58348,123.04955,122.90602,125.54585,123.00739,128.12703,124.22655,121.44492,122.48613,123.15062,122.14255,122.46523,122.42583,123.10358,121.11577,123.67062,123.24315,122.64848,123.88181,124.48262,122.27096,121.71994,123.87053
2025-04-13,123.73817,127.19802,123.82176,124.15002,126.01595,126.51132,126.04657,122.73926,121.17435,127.30901,124.70404,124.13053,125.22902,122.04785,123.70112,127.23391,128.73343,122.69899,125.04880,126.40702,125.26058,126.16028,125.10184,123.91492,125.64022,125.37177,124.43216,125.00351,124.33196,124.91593,123.02650,123.96979,119.72283,121.93340,122.91661,124.27219,122.87792,121.30385,122.34989,122.87286,125.32819,124.97063,122.54264,123.88196,123.92165,122.48087,123.46353,122.43014,121.41003,121.76820,122.98336,124.18029,122.86922,123.16169,123.96379,123.13322,122.43314,123.41846,122.02295,123.84203,123.71057,122.99003,123.25626,125.77353,120.39551,123.15743,122.13176,123.80694,122.69217,123.82911,122.71283,123.25025,123.04661,125.74559,123.23456,128.64721,124.52600,121.51169,122.62284,123.31733,122.30734,122.61299,122.56929,123.23495,121.28208,123.88994,123.44025,122.82008,123.96920,124.86401,122.35748,121.78014,123.93741
2025-04-14,123.46009,126.87387,123.55435,123.87249,125.69127,126.20896,125.77273,122.59439,121.01418,126.98560,124.43648,123.86043,124.93852,121.83537,123.49817,126.94265,128.48079,122.57953,124.74437,126.12985,124.92735,125.85686,124.83973,123.64672,125.35547,125.06838,124.24339,124.69210,123.99520,124.63692,122.82525,123.75358,119.53502,121.70805,122.76303,124.05461,122.68280,121.09984,122.13980,122.67434,125.21727,124.76629,122.37141,123.67167,123.75069,122.29451,123.23444,122.22014,121.23624,121.57614,122.84809,123.99433,122.66750,122.92761,123.77034,122.95497,122.25803,123.18660,121.84827,123.53710,123.30477,122.61613,122.87997,125.24435,120.08317,122.74779,121.71372,123.45253,122.30259,123.59246,122.27505,122.92126,122.65490,125.34819,122.95300,128.52908,124.27512,121.06465,122.22647,122.93013,121.97343,122.25281,122.20484,122.83297,120.96468,123.57355,123.05449,122.48146,123.59742,124.64743,121.93147,121.36267,123.49123
2025-04-15,123.44896,126.86492,123.57204,123.87766,125.67733,126.22202,125.77903,122.62200,121.05467,127.00116,124.43596,123.86413,124.94453,121.86535,123.52241,126.95588,128.48731,122.60527,124.73235,126.14567,124.91381,125.85207,124.86122,123.65529,125.37044,125.07979,124.11877,124.69335,123.99649,124.64691,122.88178,123.77373,119.56912,121.74404,122.80272,124.09370,122.72687,121.15205,122.15817,122.71825,125.30330,124.80701,122.42691,123.69862,123.77358,122.35006,123.25351,122.26276,121.26952,121.60461,122.89147,124.04468,122.68773,122.91895,123.79750,123.01101,122.28837,123.18802,121.88657,123.49929,123.22127,122.51965,122.82007,125.14361,120.02290,122.64612,121.63210,123.35432,122.22756,123.58878,122.14608,122.91929,122.56822,125.26908,122.91941,128.58714,124.30167,120.95623,122.14696,122.85789,121.88905,122.16527,122.12778,122.75188,120.90468,123.50955,122.96753,122.44358,123.52646,124.69926,121.80242,121.30512,123.36448
2025-04-16,123.34483,126.69846,123.47534,123.73952,125.54935,126.11821,125.64040,122.57230,121.00644,126.87495,124.32057,123.74338,124.81478,121.76330,123.41571,126.88439,128.39816,122.58152,124.59307,126.02824,124.77953,125.70301,124.74774,123.52830,125.27437,124.92807,123.99882,124.57037,123.84806,124.54699,122.78723,123.66063,119.47556,121.63833,122.66935,123.99713,122.65580,121.05203,122.07259,122.61786,125.26986,124.72002,122.35981,123.62119,123.66320,122.26558,123.14552,122.16177,121.18040,121.52167,122.79605,123.95717,122.58402,122.81773,123.68038,122.95456,122.20020,123.10459,121.79758,123.45052,123.06335,122.38444,122.74717,125.04631,119.86653,122.49267,121.48404,123.21281,122.11289,123.59943,121.97424,122.83326,122.42134,125.21509,122.89072,128.54709,124.19288,120.84668,122.01912,122.76051,121.80046,122.05243,122.00022,122.66587,120.85017,123.45657,122.82270,122.38214,123.38426,124.59801,121.55428,121.09758,123.32335
2025-04-17,123.40742,126.72559,123.56920,123.76945,125.61449,126.19450,125.68200,122.67665,121.11533,126.94733,124.37273,123.81672,124.87262,121.81818,123.49103,127.00069,128.45484,122.66568,124.64412,126.09150,124.83289,125.75414,124.83108,123.58217,125.35947,124.96954,123.98843,124.61387,123.89402,124.63257,122.85637,123.72927,119.54741,121.69775,122.71067,124.08331,122.75143,121.12998,122.16146,122.70447,125.41686,124.80114,122.45254,123.65368,123.75122,122.36289,123.22343,122.22856,121.25893,121.62320,122.87353,124.03897,122.63844,122.87830,123.72555,123.08820,122.28961,123.18045,121.89078,123.59050,123.04880,122.34299,122.84610,125.09397,119.83739,122.47268,121.45295,123.19654,122.17123,123.83018,121.94831,122.85415,122.37533,125.31101,123.07032,128.76035,124.28278,120.91661,122.00787,122.79169,121.83682,122.06180,122.00448,122.72659,121.01731,123.59793,122.79650,122.47801,123.35980,124.69492,121.53202,121.11257,123.32854
2025-04-18,123.56992,126.95021,123.81048,123.97053,125.85095,126.42941,125.88454,122.77469,121.24010,127.21230,124.55827,124.03502,125.12984,122.00512,123.68218,127.25089,128.63636,122.72692,124.90415,126.30664,125.09461,126.00489,125.04010,123.80255,125.58586,125.20260,123.79232,124.83256,124.17670,124.84804,123.06551,123.92764,119.72090,121.89885,122.89472,124.29633,122.94581,121.33979,122.35797,122.89612,125.62119,124.99237,122.64485,123.79860,123.97771,122.54910,123.41388,122.41154,121.41868,121.83396,123.08996,124.21997,122.78038,123.10784,123.88336,123.27142,122.46636,123.33940,122.06707,123.70332,123.13553,122.35783,122.93720,125.20124,119.93498,122.54658,121.53206,123.29599,122.28920,123.96480,122.03659,122.85731,122.41756,125.39184,123.20758,128.96134,124.53274,121.08356,122.10101,122.90699,121.82451,122.11272,122.07054,122.86275,121.16001,123.70727,122.88662,122.63241,123.47001,124.91266,121.75693,121.32229,123.34802
2025-04-19,123.29021,126.67882,123.54081,123.72002,125.56794,126.17381,125.66735,122.63293,121.04342,126.95333,124.34962,123.77429,124.85398,121.78034,123.45037,126.95343,128.40340,122.58337,124.63510,126.06266,124.77310,125.71242,124.78623,123.54660,125.34275,124.95568,124.05801,124.57685,123.85876,124.57083,122.83234,123.71697,119.52007,121.68526,122.67243,124.10387,122.73519,121.12338,122.13027,122.68451,125.43087,124.78665,122.43829,123.58424,123.75522,122.34406,123.15619,122.17421,121.23328,121.61046,122.87369,124.03615,122.61558,122.84074,123.68427,123.08098,122.31364,123.15823,121.88376,123.39599,122.72391,121.89601,122.54858,124.79947,119.47002,122.08449,121.06665,122.84266,121.88488,123.73244,121.62124,122.52500,121.87816,125.07399,122.96287,128.85789,124.27818,120.67459,121.62865,122.47441,121.46802,121.74672,121.61424,122.41029,120.84860,123.39774,122.46570,122.22433,123.03563,124.71412,121.31168,120.91175,122.92248
2025-04-20,123.26642,126.73258,123.56674,123.75470,125.61446,126.22156,125.69820,122.55883,120.98542,127.01226,124.36110,123.81420,124.91928,121.76997,123.44016,126.99500,128.42122,122.50234,124.69600,126.08359,124.85758,125.78857,124.81745,123.56899,125.36274,124.97442,123.63798,124.60294,123.92062,124.59639,122.82402,123.70718,119.50652,121.67645,122.65202,124.10738,122.71723,121.12020,122.12173,122.66353,125.42276,124.76645,122.42657,123.56542,123.73287,122.34253,123.14256,122.15044,121.20185,121.60692,122.86353,124.00730,122.57362,122.85954,123.65240,123.04290,122.27056,123.12919,121.84728,123.31555,122.65572,121.85105,122.48689,124.74589,119.42355,122.01810,121.00410,122.79579,121.83513,123.66561,121.56037,122.35257,121.76438,124.97672,122.91827,128.81921,124.30748,120.67105,121.58331,122.40037,121.33333,121.63187,121.50366,122.33094,120.79238,123.33967,122.41489,122.17301,122.99214,124.70193,121.36919,120.93312,122.86615
2025-04-21,123.11807,126.67471,123.48480,123.72097,125.51175,125.90074,125.51144,122.61663,121.04700,126.65325,124.15386,123.69946,124.80961,121.72630,123.30157,126.67681,128.30311,122.46138,124.52317,125.73721,124.78330,125.59106,124.52255,123.46318,125.07016,124.71148,122.80695,124.37353,123.82858,124.34516,122.66500,123.55379,119.41177,121.55205,122.48273,123.96943,122.62438,121.00007,122.02739,122.56475,125.08425,124.58899,122.36185,123.50467,123.60414,122.24363,122.93941,122.04462,121.09864,121.47786,122.65390,123.93849,122.44733,122.74124,123.57763,122.79155,122.13610,123.05095,121.79041,123.10748,122.51878,121.75472,122.34441,124.49762,119.37920,121.87445,120.91263,122.61329,121.69817,123.49449,121.46421,122.15657,121.62077,124.77600,122.73188,128.40521,124.16192,120.60360,121.46886,122.19555,121.19609,121.48527,121.32286,122.15189,120.60208,123.14462,122.29583,121.99207,122.89081,124.62151,121.34018,120.89218,123.19738
2025-04-22,123.24083,126.77527,123.62585,123.84250,125.64407,125.97723,125.60935,122.78417,121.21740,126.71815,124.26198,123.79217,124.99407,121.90712,123.42990,126.73284,128.41529,122.57778,124.61384,125.79073,124.93623,125.69670,124.60696,123.59152,125.15291,124.77660,122.67651,124.37883,123.96827,124.43411,122.83530,123.70791,119.56234,121.71046,122.62033,124.13781,122.79987,121.13677,122.21001,122.74515,125.14734,124.78339,122.54845,123.69890,123.74850,122.40400,122.99159,122.18516,121.24785,121.61591,122.81666,124.15596,122.57503,122.92215,123.75199,122.94713,122.30291,123.22133,121.97263,123.16877,122.62411,121.87957,122.38498,124.55083,119.53349,121.96726,121.05442,122.69009,121.78044,123.56111,121.62155,122.31488,121.79472,124.82479,122.80105,128.49734,124.33297,120.74420,121.57901,122.25621,121.30221,121.56165,121.42385,122.23966,120.63113,123.17523,122.41168,122.06118,122.98901,124.79634,121.55227,121.03625,123.59459
2025-04-23,123.22713,126.72862,123.60176,123.81046,125.62725,126.01102,125.63096,122.74498,121.16452,126.76595,124.29140,123.78204,125.01687,121.89652,123.44970,126.73745,128.42655,122.56555,124.62585,125.83602,124.91736,125.71987,124.65603,123.58467,125.19384,124.80844,122.96082,124.36100,123.97675,124.45459,122.85406,123.74202,119.56959,121.71179,122.66868,124.18007,122.83024,121.15319,122.20255,122.76651,125.27604,124.81919,122.54688,123.69381,123.75020,122.41097,122.96251,122.18604,121.27195,121.62613,122.85009,124.18768,122.58174,122.89533,123.76338,122.97817,122.35211,123.25974,121.98201,123.12184,122.53714,121.79145,122.26246,124.52471,119.41478,121.87034,120.98030,122.60640,121.65777,123.53896,121.53579,122.26452,121.73519,124.75100,122.76242,128.65015,124.34894,120.61347,121.51270,122.20953,121.23311,121.48049,121.35229,122.15211,120.56647,123.11761,122.34097,121.97321,122.88035,124.84699,121.48793,120.94722,123.40923
2025-04-24,123.16792,126.55382,123.53318,123.69957,125.51962,125.90511,125.52283,122.72279,121.11121,126.63986,124.21833,123.69738,124.90412,121.84423,123.40701,126.63254,128.36439,122.57382,124.51523,125.75328,124.75261,125.59896,124.56846,123.49282,125.10299,124.69547,123.08800,124.23789,123.87305,124.36855,122.81567,123.69797,119.54170,121.65805,122.63176,124.14329,122.79623,121.11367,122.15490,122.74467,125.27312,124.79913,122.51556,123.66191,123.70975,122.37164,122.90483,122.14227,121.25700,121.58436,122.81645,124.16359,122.55910,122.81939,123.71832,122.96020,122.34873,123.22549,121.95871,123.07682,122.46134,121.73214,122.20534,124.48935,119.35065,121.80761,120.91283,122.48792,121.59424,123.53479,121.44699,122.17683,121.61964,124.70683,122.74527,128.72103,124.27269,120.51756,121.44995,122.16599,121.20717,121.44748,121.25538,122.06916,120.54726,123.09686,122.28600,121.92692,122.80677,124.80878,121.40182,120.86441,123.26162
2025-04-25,123.21846,126.67333,123.61600,123.79168,125.63431,126.02008,125.60820,122.70603,121.11449,126.79311,124.29269,123.79531,125.03335,121.89203,123.46568,126.75410,128.45667,122.55467,124.63815,125.84868,124.90645,125.74010,124.66432,123.58979,125.19403,124.82373,123.30351,124.34966,124.01242,124.48516,122.88281,123.75990,119.60807,121.72422,122.68825,124.21632,122.85073,121.17659,122.21410,122.80396,125.29585,124.77474,122.54319,123.72112,123.78060,122.42966,122.95202,122.19870,121.30362,121.65091,122.87339,124.20912,122.58581,122.89964,123.76112,123.01722,122.37606,123.21182,121.99471,123.07309,122.46948,121.75245,122.21950,124.51363,119.38801,121.82457,120.91127,122.51360,121.60803,123.53181,121.44047,122.04743,121.55049,124.66833,122.76808,128.79600,124.36121,120.59408,121.47400,122.16890,121.19400,121.41419,121.23031,122.07413,120.55733,123.11231,122.28639,121.96202,122.82548,124.88719,121.48528,120.91897,123.20956
2025-04-26,123.05313,126.47148,123.43641,123.61086,125.44598,125.85044,125.44957,122.58250,120.98444,126.61636,124.14454,123.61869,124.85264,121.74454,123.33420,126.57523,128.30611,122.46504,124.46196,125.69006,124.70154,125.55651,124.50634,123.41527,125.03414,124.63534,123.26390,124.17108,123.77564,124.32724,122.73881,123.61899,119.48072,121.58031,122.55279,124.06913,122.71313,121.01746,122.07211,122.66819,125.17442,124.66121,122.41225,123.56856,123.64636,122.28452,122.81079,122.05001,121.17588,121.50806,122.72653,124.07063,122.46901,122.72870,123.62781,122.90031,122.27745,123.08679,121.86749,122.90433,122.24933,121.54222,122.01011,124.30442,119.15060,121.59524,120.68648,122.28244,121.38328,123.38310,121.22984,121.96677,121.39431,124.50634,122.60665,128.75073,124.18418,120.36927,121.26304,121.97198,121.04243,121.23983,121.06840,121.86726,120.39488,122.94664,122.07087,121.76014,122.59501,124.74603,121.23846,120.68264,122.91884
2025-04-27,123.23475,126.74316,123.64983,123.82610,125.71737,126.12931,125.66434,122.60135,121.06052,126.79536,124.37504,123.84612,125.13295,121.90958,123.49707,126.85382,128.51055,122.46874,124.73268,125.91971,125.03295,125.89132,124.74744,123.61795,125.28353,124.92635,123.54271,124.46821,124.10445,124.57993,122.91967,123.78822,119.62735,121.74650,122.70609,124.25655,122.85684,121.18177,122.24730,122.81906,125.33626,124.81298,122.57770,123.71002,123.81686,122.43674,122.94679,122.19987,121.29034,121.68370,122.88608,124.20370,122.58542,122.96260,123.76008,123.05225,122.39914,123.25397,121.98921,123.04081,122.42314,121.71513,122.17895,124.49782,119.33731,121.76853,120.86447,122.48954,121.56301,123.49521,121.41605,122.01696,121.54770,124.64003,122.72886,128.90244,124.43458,120.60118,121.43414,122.15334,121.17583,121.35703,121.21741,122.04667,120.52009,123.09211,122.23206,121.93590,122.78365,124.90140,121.46362,120.91259,123.02576
2025-04-28,123.30079,126.84188,123.73101,123.92347,125.83069,126.24555,125.75138,122.60900,121.06456,126.97995,124.45002,123.93520,125.24453,121.97322,123.56013,126.96137,128.60717,122.46611,124.84054,126.01196,125.16761,126.04279,124.84032,123.69495,125.37919,125.03573,123.69154,124.59520,124.21309,124.68470,122.98456,123.85316,119.67831,121.79781,122.76384,124.32667,122.91412,121.23944,122.31375,122.88920,125.42576,124.87689,122.64299,123.76384,123.88400,122.50250,122.99653,122.25596,121.33741,121.75331,122.94400,124.26158,122.64618,123.05310,123.80801,123.10107,122.45206,123.34695,122.03641,123.04669,122.45862,121.75366,122.21957,124.55501,119.37116,121.80562,120.90284,122.54464,121.60048,123.54014,121.47581,122.06687,121.61143,124.69378,122.76482,128.97585,124.52649,120.66114,121.47920,122.20385,121.21876,121.39368,121.26142,122.10122,120.56053,123.13733,122.25972,121.98618,122.82539,124.98450,121.49930,120.97992,122.98301
2025-04-29,123.18733,126.67725,123.60777,123.79772,125.68276,126.13401,125.63141,122.55744,120.99323,126.88211,124.32069,123.80571,125.10561,121.88304,123.46855,126.82016,128.49087,122.43484,124.70670,125.89200,125.00744,125.89548,124.72103,123.57090,125.24914,124.88627,123.64963,124.45970,124.04695,124.55408,122.89006,123.76663,119.58038,121.69457,122.68814,124.22299,122.82579,121.14797,122.22278,122.80388,125.38127,124.78355,122.55512,123.66197,123.78470,122.41653,122.89610,122.15815,121.25444,121.66428,122.84808,124.17844,122.57367,122.94616,123.71869,123.00719,122.39928,123.25989,121.96619,122.94596,122.30630,121.61810,122.06988,124.44145,119.22405,121.65441,120.76018,122.40646,121.45077,123.45424,121.33042,121.98269,121.48685,124.57867,122.66549,128.92976,124.39215,120.50027,121.34412,122.07823,121.11385,121.27912,121.14195,121.97066,120.45458,123.02903,122.12080,121.84933,122.67114,124.89517,121.35085,120.80850,122.71345
2025-04-30,123.10754,126.55410,123.51634,123.70330,125.57103,126.04885,125.55086,122.53190,120.95301,126.78653,124.24148,123.71373,124.99624,121.81271,123.41015,126.70772,128.41935,122.42731,124.60785,125.80944,124.87591,125.78177,124.63869,123.48205,125.15992,124.77562,123.63924,124.36071,123.93195,124.46472,122.82339,123.70936,119.52303,121.62467,122.63724,124.16185,122.77398,121.07864,122.16070,122.74887,125.34208,124.73182,122.49769,123.59670,123.70697,122.36062,122.83519,122.09538,121.21536,121.59549,122.78376,124.13349,122.52966,122.87114,123.65813,122.95010,122.36888,123.20763,121.92341,122.87501,122.18986,121.51104,121.95232,124.33993,119.09195,121.53533,120.64891,122.28389,121.33003,123.41516,121.14962,122.21026,121.35016,124.49469,122.59453,128.92775,124.30011,120.35943,121.24598,121.97737,121.03724,121.19409,121.05178,121.86457,120.37198,122.94931,122.01554,121.74169,122.54424,124.85496,121.21745,120.66661,122.47815
2025-05-01,123.09375,126.56688,123.51412,123.69698,125.57694,126.06496,125.55186,122.51355,120.94298,126.81130,124.24023,123.70821,125.00675,121.79487,123.39583,126.72097,128.42314,122.41131,124.61790,125.81561,124.89437,125.79575,124.64849,123.48608,125.15362,124.78045,123.69183,124.37082,123.93298,124.48040,122.81493,123.69468,119.51201,121.60958,122.62650,124.15547,122.75958,121.06486,122.14804,122.73870,125.36294,124.71942,122.48898,123.58664,123.67670,122.35564,122.82112,122.07842,121.20754,121.57502,122.77491,124.12222,122.50791,122.86082,123.63722,122.95724,122.36025,123.19135,121.91220,122.84901,122.15142,121.48351,121.91856,124.30853,119.05850,121.49286,120.60927,122.24660,121.29642,123.38969,121.10755,122.16132,121.30534,124.45645,122.57754,128.95319,124.30155,120.34155,121.21666,121.95715,121.02219,121.16509,121.01908,121.82816,120.35189,122.91837,121.97634,121.71779,122.51179,124.85878,121.17520,120.62310,122.34526
2025-05-02,123.31567,126.81793,123.76674,123.91875,125.83527,126.32910,125.76983,122.64843,121.10165,127.08604,124.45439,123.98768,125.27136,122.00723,123.60470,127.00456,128.64263,122.54629,124.88061,126.06387,125.18330,126.06839,124.90679,123.71839,125.37986,125.06399,123.95504,124.63329,124.23011,124.73202,123.03631,123.90044,119.70805,121.81817,122.83095,124.36577,122.96011,121.27744,122.36158,122.94809,125.57126,124.92255,122.68968,123.78658,123.86636,122.55981,123.01296,122.28478,121.38758,121.78539,122.98919,124.30938,122.67860,123.09848,123.81673,123.16658,122.52497,123.37679,122.09283,123.04968,122.38235,121.71766,122.14061,124.56319,119.29898,121.72960,120.85550,122.47399,121.53248,123.57286,121.34330,122.34757,121.52181,124.66059,122.76972,129.15693,124.56511,120.59699,121.46555,122.19761,121.23609,121.36835,121.23941,122.06670,120.54485,123.11364,122.20046,121.95424,122.74851,125.07785,121.41852,120.87803,122.51911
2025-05-03,123.31854,126.80886,123.75813,123.91683,125.83032,126.33943,125.78114,122.65929,121.10935,127.09407,124.47026,124.00102,125.25934,122.00739,123.61103,127.01288,128.66386,122.57206,124.87640,126.07688,125.17695,126.07095,124.91943,123.71790,125.40920,125.04396,123.99816,124.62328,124.25830,124.74411,123.03568,123.90592,119.71688,121.81780,122.83753,124.37107,122.97279,121.27794,122.36834,122.96064,125.58454,124.93232,122.69990,123.79629,123.86660,122.56998,123.02400,122.29234,121.39709,121.79699,122.98698,124.32183,122.69345,123.10737,123.82809,123.19355,122.55206,123.40095,122.10148,123.04975,122.36095,121.70977,122.14033,124.54945,119.28575,121.71123,120.82732,122.46111,121.53020,123.59411,121.32408,122.36826,121.51623,124.67074,122.77994,129.22319,124.55806,120.60996,121.45001,122.18202,121.24736,121.36941,121.22495,122.05935,120.55279,123.11910,122.17722,121.94277,122.73534,125.08086,121.39565,120.84953,122.42881
2025-05-04,123.12846,126.54564,123.51576,123.70529,125.56873,126.03810,125.51625,122.56670,120.96140,126.81369,124.23616,123.76362,124.96390,121.81106,123.42797,126.70441,128.49441,122.44770,124.62459,125.85485,124.87866,125.81312,124.66011,123.45742,125.15813,124.77600,123.81517,124.33916,123.96992,124.46612,122.82500,123.73648,119.51779,121.61396,122.65059,124.22387,122.78231,121.08609,122.15641,122.81372,125.37781,124.74656,122.52340,123.62507,123.66734,122.40194,122.83401,122.11130,121.23707,121.60584,122.76224,124.17850,122.53682,122.89509,123.65437,122.97443,122.39393,123.22590,121.95329,122.88797,122.17656,121.54694,121.96414,124.38260,119.14574,121.53385,120.65000,122.26230,121.34729,123.48606,121.12324,122.23421,121.34332,124.50924,122.65488,129.01305,124.31988,120.43004,121.27691,122.00663,121.10410,121.21153,121.06427,121.88918,120.40551,122.97532,121.99577,121.76965,122.56263,124.93642,121.23030,120.72707,122.64280
2025-05-05,123.14454,126.57351,123.55022,123.71969,125.60139,126.08585,125.53078,122.55692,120.96341,126.85421,124.25077,123.79199,124.99088,121.81792,123.43927,126.74192,128.51574,122.44225,124.65272,125.87820,124.92290,125.84788,124.68621,123.48009,125.18345,124.81621,123.86095,124.37227,124.00527,124.50239,122.83372,123.74504,119.52613,121.62463,122.65941,124.23559,122.79329,121.09434,122.17085,122.82380,125.40327,124.75470,122.53459,123.63243,123.68724,122.41842,122.84111,122.11735,121.23625,121.62006,122.77672,124.18644,122.53656,122.90936,123.66993,122.99757,122.39662,123.23635,121.95407,122.90479,122.19320,121.57087,121.97972,124.38178,119.16854,121.55322,120.68091,122.27731,121.36816,123.51279,121.15553,122.22149,121.37659,124.52161,122.66974,129.04437,124.34862,120.46204,121.29928,122.03536,121.12249,121.22426,121.07713,121.90794,120.42465,122.97830,122.01456,121.78583,122.57807,124.94801,121.24726,120.73365,122.47558
2025-05-06,123.18479,126.65409,123.60871,123.78485,125.67743,126.16424,125.59265,122.55893,120.97097,126.94630,124.30410,123.85370,125.07075,121.85778,123.48109,126.81408,128.57137,122.43661,124.73289,125.93925,125.01782,125.92798,124.75217,123.54044,125.25018,124.90287,123.95144,124.44786,124.09407,124.57461,122.87544,123.78777,119.56616,121.66396,122.69958,124.28336,122.83017,121.13391,122.21091,122.86525,125.44711,124.79352,122.57342,123.67200,123.72850,122.46208,122.87138,122.15594,121.25959,121.66288,122.81004,124.22741,122.57167,122.97139,123.70726,123.02690,122.43134,123.29037,121.98171,122.92161,122.21858,121.60239,121.99442,124.39781,119.19109,121.57788,120.70400,122.30493,121.39261,123.54672,121.18541,122.23686,121.39979,124.54195,122.68826,129.09174,124.41389,120.48587,121.32557,122.06328,121.14007,121.23864,121.09893,121.92940,120.43954,122.99383,122.03594,121.80674,122.60037,125.00848,121.24712,120.76246,122.37728
2025-05-07,123.02042,126.45900,123.42670,123.61729,125.48789,125.98615,125.43352,122.45640,120.86021,126.74988,124.14654,123.67465,124.87623,121.70646,123.33621,126.61890,128.42146,122.36283,124.55501,125.76625,124.81323,125.73674,124.57828,123.37884,125.06479,124.70488,123.83267,124.25921,123.88180,124.40096,122.71232,123.64053,119.42348,121.50818,122.55449,124.12695,122.68642,120.97995,122.05857,122.72124,125.31049,124.64869,122.42882,123.52258,123.57964,122.31905,122.72655,122.00225,121.12634,121.51071,122.64551,124.08820,122.44221,122.78597,123.58152,122.87405,122.31376,123.15679,121.84022,122.76556,122.02530,121.42178,121.81387,124.21768,118.98710,121.38922,120.50532,122.11120,121.20678,123.42630,120.99357,122.07701,121.22489,124.38049,122.54620,128.99283,124.22063,120.29115,121.13877,121.88153,120.99367,121.08141,120.92261,121.73788,120.29162,122.84384,121.84873,121.62339,122.40478,124.85546,121.04482,120.55230,122.15935
2025-05-08,122.98058,126.33898,123.36203,123.51961,125.37862,125.89842,125.36422,122.50003,120.87923,126.65724,124.09527,123.59419,124.77491,121.68040,123.31711,126.53913,128.36437,122.42531,124.44424,125.70159,124.66180,125.59111,124.52211,123.30506,125.00594,124.59574,123.80641,124.14891,123.74032,124.32066,122.68664,123.62101,119.40866,121.47768,122.53913,124.10130,122.67316,120.95220,122.04011,122.70685,125.30501,124.63968,122.41121,123.50506,123.54261,122.29339,122.70748,121.98114,121.12760,121.48699,122.61654,124.08203,122.44110,122.71885,123.57592,122.89633,122.32867,123.10779,121.84047,122.76474,121.97300,121.37367,121.77011,124.17110,118.91439,121.33614,120.45999,122.04010,121.15946,123.46470,120.95800,122.08487,121.22817,124.37208,122.55166,129.06778,124.15770,120.22961,121.09551,121.84266,121.00704,121.07159,120.89648,121.68825,120.27975,122.82630,121.80612,121.57595,122.35244,124.80720,120.98679,120.45138,122.10788
2025-05-09,123.09933,126.54363,123.50950,123.65901,125.55901,126.09721,125.50647,122.49938,120.90632,126.88180,124.23325,123.75515,124.93609,121.79723,123.41959,126.74960,128.49672,122.39734,124.63371,125.86324,124.90450,125.81411,124.67782,123.44447,125.18449,124.81545,123.96528,124.33353,123.96188,124.49479,122.81620,123.74225,119.50273,121.60108,122.63489,124.22970,122.76925,121.07003,122.14461,122.80981,125.40769,124.73891,122.51619,123.61033,123.63285,122.39617,122.79166,122.07550,121.19326,121.59578,122.71779,124.17495,122.51787,122.87838,123.65782,122.99668,122.39970,123.24045,121.91760,122.85986,122.08515,121.46682,121.87442,124.28270,119.01801,121.43837,120.58117,122.15859,121.26209,123.53339,121.07418,122.15751,121.34551,124.44515,122.64109,129.13490,124.33839,120.36744,121.19558,121.96794,121.07967,121.12594,121.00837,121.79635,120.35537,122.90002,121.90029,121.68103,122.46033,124.90493,121.11769,120.58200,122.18062
2025-05-10,123.09508,126.54744,123.51743,123.66753,125.56982,126.10931,125.50877,122.49483,120.90490,126.89241,124.22773,123.76116,124.93432,121.79017,123.41673,126.75599,128.50173,122.39144,124.64570,125.86901,124.92304,125.81927,124.68618,123.45272,125.18138,124.82314,123.99678,124.34433,123.97418,124.50431,122.80703,123.73470,119.49813,121.59327,122.63303,124.22484,122.76911,121.06566,122.14371,122.80746,125.40627,124.73090,122.51218,123.60639,123.63121,122.39887,122.78399,122.06605,121.18473,121.59103,122.71206,124.16653,122.50681,122.87507,123.64489,122.98752,122.38179,123.23125,121.90025,122.85164,122.06546,121.45236,121.86156,124.28308,119.00778,121.42785,120.56811,122.14727,121.25107,123.51743,121.03943,122.10687,121.31950,124.42576,122.62843,129.14733,124.33680,120.36629,121.18259,121.95640,121.06937,121.11064,120.99064,121.78393,120.34963,122.88981,121.89153,121.67081,122.44807,124.91042,121.09868,120.58327,122.20188
2025-05-11,123.12458,126.55360,123.54351,123.69080,125.59762,126.13748,125.53425,122.53721,120.94496,126.91182,124.25567,123.78974,124.94795,121.81603,123.44976,126.78613,128.54144,122.43957,124.66835,125.89900,124.93994,125.84114,124.72032,123.48251,125.20412,124.83418,124.05514,124.36553,123.98907,124.54113,122.82545,123.76263,119.52680,121.61420,122.66358,124.24800,122.80463,121.08615,122.17717,122.83444,125.43910,124.76554,122.54321,123.63381,123.66112,122.43452,122.81245,122.09161,121.21518,121.61846,122.74077,124.19718,122.54180,122.90018,123.67074,123.02098,122.41797,123.26847,121.92649,122.87443,122.07929,121.47758,121.88742,124.30970,119.03892,121.45366,120.57217,122.19650,121.26905,123.55873,121.06677,122.17614,121.35263,124.46315,122.66025,129.22114,124.35366,120.39350,121.20749,121.97260,121.10905,121.14843,121.01430,121.81472,120.38573,122.92219,121.91561,121.69530,122.46906,124.94634,121.09767,120.60876,122.27885
2025-05-12,123.12579,126.58272,123.54314,123.70829,125.61457,126.15456,125.55324,122.51411,120.92363,126.94730,124.27083,123.80220,124.97000,121.81838,123.45697,126.79295,128.54703,122.41455,124.70412,125.91181,124.97283,125.86721,124.74743,123.48975,125.22689,124.86335,124.10154,124.38140,124.02656,124.54951,122.84506,123.78079,119.53044,121.63081,122.67566,124.26594,122.80254,121.10147,122.17814,122.83707,125.43014,124.78291,122.54811,123.64002,123.66640,122.43611,122.80076,122.09249,121.21140,121.62255,122.74662,124.20307,122.54134,122.92106,123.67411,123.01421,122.42367,123.27878,121.93310,122.86823,122.06883,121.46216,121.86410,124.27302,119.04510,121.43134,120.55985,122.18072,121.24870,123.53899,121.03829,122.15077,121.34361,124.44492,122.64626,129.23009,124.37586,120.37777,121.18766,121.96650,121.08350,121.12483,121.01201,121.79946,120.36231,122.90235,121.89470,121.67642,122.45418,124.95549,121.09266,120.60212,122.23713
2025-05-13,122.97450,126.37770,123.36187,123.53537,125.41661,125.95441,125.38994,122.44975,120.84463,126.73751,124.11495,123.61483,124.75462,121.66944,123.31341,126.59282,128.38184,122.36784,124.50512,125.73737,124.73472,125.65001,124.57625,123.32061,125.04125,124.64631,123.97505,124.17460,123.79356,124.36283,122.68952,123.63731,119.39783,121.47823,122.54055,124.11278,122.66803,120.95190,122.03605,122.69721,125.28653,124.65451,122.40831,123.49974,123.52182,122.29664,122.66414,121.94549,121.09275,121.47221,122.59995,124.06777,122.42020,122.73305,123.54609,122.88959,122.31761,123.13590,121.81570,122.74695,121.89963,121.29977,121.70311,124.10172,118.85463,121.24890,120.41076,121.99571,121.08737,123.48802,120.96250,122.17076,121.27705,124.33987,122.54005,129.14192,124.17987,120.19116,121.02424,121.81174,120.96960,120.99709,120.87122,121.63447,120.23625,122.77757,121.72963,121.50827,122.27635,124.80915,120.88612,120.39359,122.12041
2025-05-14,123.13425,126.49245,123.53212,123.64321,125.54006,126.07679,125.50778,122.63162,121.02830,126.87792,124.24202,123.74494,124.86898,121.83316,123.46735,126.75091,128.50928,122.53418,124.60981,125.87571,124.83669,125.73887,124.70900,123.44180,125.19052,124.76977,124.12742,124.29030,123.90944,124.49828,122.85646,123.79882,119.55205,121.63846,122.70520,124.27294,122.83648,121.11409,122.20191,122.87161,125.44412,124.82108,122.57321,123.66179,123.67555,122.45420,122.82530,122.11643,121.27086,121.63651,122.76415,124.23585,122.56416,122.87130,123.70003,123.09797,122.47377,123.24641,121.98738,122.94473,122.07447,121.47719,121.88411,124.27770,119.01792,121.42419,120.59893,122.17010,121.26540,123.71611,121.13972,122.28844,121.44262,124.53484,122.75151,129.34422,124.33990,120.37506,121.20940,121.99164,121.17997,121.18671,121.04182,121.81267,120.42404,122.96097,121.90757,121.69695,122.45532,124.97432,121.04537,120.53251,122.31234
2025-05-15,123.13587,126.52547,123.55356,123.64906,125.56712,126.10849,125.53076,122.62580,121.03068,126.92889,124.27047,123.74253,124.90171,121.82689,123.46622,126.79971,128.53253,122.52187,124.63503,125.89829,124.87351,125.77294,124.73721,123.45867,125.22974,124.79348,124.17280,124.31993,123.94465,124.53706,122.86054,123.80246,119.55278,121.63183,122.70189,124.28446,122.84529,121.10863,122.20966,122.87911,125.40407,124.85144,122.57794,123.66656,123.68479,122.46094,122.82813,122.11459,121.27104,121.63514,122.76053,124.23271,122.56261,122.86869,123.68681,123.12189,122.47194,123.24442,121.98313,122.93655,122.05195,121.44819,121.86460,124.25831,118.98612,121.39493,120.57401,122.14272,121.24401,123.71612,121.08475,122.18359,121.41694,124.51292,122.75515,129.39951,124.36073,120.36751,121.18338,121.98148,121.17067,121.16381,121.02294,121.79135,120.41756,122.94892,121.86877,121.67589,122.43588,124.97959,121.01005,120.51093,122.38010
2025-05-16,123.10817,126.44012,123.50634,123.59419,125.49497,126.02732,125.48447,122.64069,121.02632,126.83954,124.22431,123.68029,124.83268,121.80121,123.44589,126.71569,128.48549,122.55415,124.58638,125.84263,124.77382,125.68717,124.68647,123.41268,125.16765,124.72083,124.15222,124.24510,123.85869,124.46745,122.84097,123.78610,119.53957,121.61495,122.69768,124.25146,122.83132,121.09943,122.18746,122.87244,125.33004,124.85907,122.56454,123.65217,123.66805,122.45061,122.81355,122.10019,121.27761,121.62122,122.75303,124.22991,122.55812,122.82185,123.67500,123.11064,122.48582,123.22828,121.98814,122.93257,122.02580,121.41660,121.82667,124.24621,118.93776,121.36903,120.54677,122.09705,121.21710,123.73003,121.05274,122.23663,121.39415,124.52266,122.75705,129.42490,124.31104,120.31993,121.15613,121.96524,121.18575,121.19410,121.00139,121.77826,120.41712,122.94319,121.84687,121.65013,122.40812,124.96189,120.95407,120.46545,122.35053
2025-05-17,123.07404,126.46072,123.52654,123.60054,125.52302,126.03752,125.46703,122.53943,120.95624,126.85104,124.18934,123.69066,124.86096,121.77987,123.41290,126.74066,128.45649,122.44603,124.62107,125.82612,124.84287,125.73217,124.67374,123.41987,125.15521,124.75641,124.15601,124.27910,123.91318,124.47854,122.81799,123.75029,119.49387,121.58972,122.65473,124.21167,122.78830,121.07576,122.16169,122.83136,125.24126,124.81852,122.52791,123.60031,123.63736,122.41433,122.76048,122.05622,121.20699,121.59169,122.71523,124.18513,122.47940,122.82306,123.60560,123.02950,122.39935,123.15113,121.90851,122.86250,121.99333,121.38292,121.79891,124.22584,118.93474,121.35598,120.52880,122.09413,121.18946,123.61828,120.95817,122.03196,121.29223,124.44046,122.69679,129.33264,124.31088,120.32348,121.13902,121.92006,121.05402,121.07150,120.89078,121.70427,120.35943,122.89030,121.82960,121.62844,122.39248,124.91004,120.98301,120.47792,122.27102
2025-05-18,123.11246,126.54525,123.57522,123.66250,125.60451,126.12308,125.53088,122.52354,120.94797,126.95049,124.25057,123.74887,124.93808,121.80250,123.44345,126.81301,128.50556,122.39108,124.68924,125.88893,124.94573,125.84586,124.73865,123.48111,125.22389,124.84332,124.23668,124.36259,124.00343,124.55570,122.84998,123.78144,119.51678,121.61659,122.68244,124.25317,122.81595,121.09892,122.18981,122.86032,125.25395,124.85450,122.55501,123.62753,123.66526,122.44235,122.78305,122.07895,121.22365,121.61836,122.74016,124.21591,122.50637,122.87921,123.62743,123.05150,122.42228,123.21147,121.92293,122.87514,122.01135,121.40097,121.82438,124.23970,118.95720,121.37195,120.54431,122.12535,121.20523,123.62826,121.00086,122.08752,121.34851,124.46194,122.70444,129.38279,124.37099,120.34738,121.16816,121.94699,121.07326,121.07851,120.94075,121.73400,120.36768,122.90200,121.84297,121.64517,122.41412,124.95286,121.01316,120.51008,122.34664
2025-05-19,123.03446,126.41989,123.46515,123.57134,125.48982,126.00191,125.43466,122.48862,120.90190,126.82315,124.16048,123.64362,124.82167,121.72715,123.37610,126.68050,128.41228,122.35530,124.57374,125.78383,124.80407,125.71734,124.63718,123.38650,125.11276,124.72224,124.16246,124.24704,123.88016,124.44515,122.77399,123.71373,119.45413,121.54951,122.62025,124.18398,122.75163,121.04977,122.11500,122.79138,125.17104,124.79112,122.48827,123.56218,123.59123,122.37752,122.71932,122.01388,121.17101,121.55001,122.66649,124.15659,122.45160,122.79058,123.56868,122.97728,122.38308,123.13907,121.87329,122.81344,121.93199,121.33316,121.74447,124.17731,118.86736,121.29178,120.47199,122.01462,121.12459,123.58846,120.93938,122.07142,121.30656,124.41570,122.63871,129.33753,124.26575,120.25445,121.09943,121.87318,121.03048,121.02988,120.87935,121.66385,120.30242,122.84369,121.77211,121.56527,122.32965,124.88860,120.90389,120.42000,122.28375
2025-05-20,123.01143,126.40843,123.46005,123.55931,125.45781,125.94858,125.41600,122.55283,120.93683,126.74415,124.12538,123.63768,124.77864,121.75290,123.36724,126.64156,128.41813,122.42090,124.53697,125.73184,124.77754,125.66411,124.57752,123.37932,125.07730,124.67792,124.11408,124.22401,123.86046,124.40841,122.73310,123.69101,119.44059,121.52398,122.58285,124.13554,122.73591,121.03053,122.11246,122.75095,125.10462,124.74841,122.46762,123.55484,123.58158,122.36435,122.71078,122.00904,121.16577,121.53249,122.62232,124.13059,122.43811,122.75499,123.55909,122.92034,122.34816,123.10665,121.86674,122.77847,121.89539,121.35509,121.73144,124.15710,118.86063,121.27686,120.45593,121.96913,121.10355,123.57664,120.89737,122.03251,121.26416,124.39829,122.60380,129.28451,124.21712,120.20800,121.08021,121.82931,121.02385,121.02425,120.84507,121.62375,120.28648,122.82817,121.74791,121.54480,122.30238,124.89492,120.85008,120.38178,122.33901
2025-05-21,123.42554,126.99981,123.94459,123.98859,125.90275,126.40945,125.87380,123.08440,121.39666,127.13890,124.55040,124.14635,125.30237,122.36811,123.78875,127.19263,128.93208,122.93627,125.07243,126.12878,125.35871,126.09742,124.96303,123.88054,125.57616,125.19130,124.42553,124.74794,124.37234,124.89176,123.14338,124.10647,119.85620,121.95711,122.94181,124.49237,123.06608,121.43726,122.61767,123.06223,125.41157,125.09321,122.85047,123.98406,124.02603,122.78472,123.08883,122.44190,121.53739,121.94378,122.98190,124.49749,122.80527,123.23448,123.98725,123.25434,122.58312,123.54400,122.28034,123.04323,122.22041,121.78209,122.11019,124.53618,119.30584,121.66619,120.86922,122.36450,121.44885,123.88049,121.27697,122.42540,121.67022,124.74652,122.84177,129.56190,124.67437,120.48157,121.45151,122.12801,121.37280,121.36753,121.20891,121.94762,120.60941,123.12816,122.10435,121.93020,122.68196,125.33663,121.19356,120.69590,123.41946
2025-05-22,123.20266,126.70392,123.66436,123.72256,125.62063,126.17673,125.64994,122.85192,121.15457,126.91204,124.32098,123.87526,125.07620,122.07464,123.54082,126.93179,128.69808,122.76790,124.80933,125.90377,125.06428,125.86077,124.75516,123.64535,125.31252,124.93119,124.27844,124.47745,124.09143,124.66013,122.97386,123.89291,119.64411,121.71696,122.80521,124.28000,122.83689,121.25262,122.38294,122.86810,125.30063,124.98876,122.63254,123.75907,123.80032,122.57338,122.84908,122.20456,121.35787,121.71626,122.82330,124.30642,122.58170,122.98820,123.77381,123.06641,122.39472,123.28633,122.05049,122.83213,121.99530,121.55675,121.85495,124.31037,119.04592,121.42132,120.64053,122.11950,121.22480,123.68551,121.06296,122.23248,121.43754,124.52613,122.63149,129.48494,124.42336,120.25270,121.24008,121.92359,121.17469,121.15860,120.99118,121.73056,120.38852,122.91498,121.90990,121.70824,122.49414,125.03003,120.97698,120.44758,123.15452
2025-05-23,123.25596,126.77809,123.72569,123.78663,125.70214,126.26193,125.70574,122.79907,121.13229,127.00693,124.37681,123.93979,125.16119,122.10425,123.58850,127.02280,128.77133,122.72737,124.89118,125.96467,125.18761,125.98599,124.84376,123.69808,125.37534,125.03046,124.37630,124.56044,124.19501,124.75847,123.04840,123.94394,119.68291,121.75354,122.87884,124.34069,122.88764,121.29699,122.43458,122.92737,125.37622,125.05337,122.69884,123.77707,123.83054,122.63265,122.89770,122.24861,121.39495,121.77280,122.89621,124.34664,122.61523,123.06044,123.81827,123.10177,122.45314,123.34600,122.04324,122.86890,122.05263,121.61911,121.91672,124.35311,119.11096,121.47887,120.68951,122.18224,121.28505,123.69143,121.05550,122.17303,121.45706,124.55960,122.65607,129.54274,124.50435,120.35052,121.29947,121.98325,121.20463,121.19525,121.04673,121.78300,120.42104,122.95872,121.96924,121.77129,122.55913,125.04612,121.04749,120.53635,123.16401
2025-05-24,123.24121,126.71786,123.66942,123.72984,125.65777,126.22372,125.67730,122.77177,121.09811,126.97792,124.35109,123.88531,125.12089,122.07951,123.57362,126.97161,128.74090,122.71719,124.86790,125.93501,125.11649,125.94006,124.82930,123.65697,125.34189,124.99398,124.38799,124.48550,124.14955,124.72104,123.03656,123.94561,119.67532,121.73125,122.87636,124.32470,122.82768,121.19642,122.41298,122.92293,125.38615,125.04136,122.70542,123.74915,123.77382,122.61934,122.88791,122.23128,121.39045,121.75656,122.90183,124.34822,122.60624,123.03899,123.80689,123.10191,122.49391,123.33871,122.01443,122.89098,122.05530,121.62602,121.91297,124.34249,119.09436,121.47220,120.69392,122.18205,121.28469,123.72254,121.10231,122.26237,121.49475,124.57821,122.66691,129.59419,124.47598,120.34036,121.28851,121.98739,121.21202,121.20743,121.06006,121.78889,120.41971,122.96992,121.97150,121.76626,122.55714,125.02998,121.02816,120.52287,123.06375
2025-05-25,123.16404,126.59556,123.56981,123.64122,125.55392,126.12568,125.59459,122.71629,121.02411,126.87257,124.26447,123.78996,125.01750,122.00296,123.50976,126.85834,128.65929,122.67118,124.76697,125.84482,124.99596,125.84011,124.74757,123.55677,125.24315,124.88529,124.34949,124.37272,124.03867,124.63051,122.96301,123.88074,119.60360,121.64804,122.81090,124.25151,122.72490,121.05016,122.33826,122.86475,125.31321,124.97453,122.65880,123.67907,123.68556,122.53606,122.82488,122.16499,121.33869,121.69147,122.82835,124.29204,122.53524,122.94139,123.73801,123.04072,122.43176,123.22787,121.94334,122.84012,121.99567,121.52402,121.85409,124.27556,119.02001,121.41923,120.62703,122.11611,121.22379,123.68465,121.03099,122.18523,121.42508,124.52715,122.62301,129.58266,124.38112,120.27421,121.22286,121.91930,121.15303,121.15767,120.99052,121.72126,120.36909,122.92818,121.91327,121.70514,122.50111,124.95737,120.94749,120.44038,122.84652
2025-05-26,122.91175,126.27683,123.27627,123.36798,125.24802,125.83535,125.34156,122.54379,120.82124,126.55486,124.01762,123.51415,124.71459,121.76156,123.27297,126.55008,128.40904,122.52808,124.46763,125.57576,124.65431,125.54048,124.48028,123.28820,124.95319,124.56848,124.12867,124.06250,123.70997,124.34801,122.70356,123.64308,119.37715,121.39707,122.57005,124.00722,122.45464,120.72517,122.09595,122.63578,125.04118,124.75128,122.42685,123.45443,123.45646,122.27711,122.59787,121.91464,121.12428,121.44805,122.58472,124.06779,122.33008,122.65953,123.52132,122.80662,122.23735,122.99979,121.71933,122.61429,121.74878,121.28438,121.60733,124.02952,118.73968,121.15190,120.35535,121.84533,120.96684,123.50663,120.80793,122.02179,121.20773,124.29474,122.41716,129.42515,124.08464,119.98610,120.96686,121.67313,120.94588,120.95260,120.77276,121.46310,120.15757,122.73014,121.65083,121.43668,122.22532,124.70948,120.63049,120.14599,122.48928
2025-05-27,123.12800,126.49528,123.56792,123.55658,125.42878,125.93870,125.43576,122.97584,121.19221,126.62815,124.16753,123.68940,124.84585,121.96663,123.43168,126.79851,128.58796,122.87215,124.60513,125.72596,124.76643,125.53420,124.53944,123.48073,125.13666,124.73732,124.19499,124.20853,123.83999,124.41900,122.95616,123.83594,119.60575,121.65164,122.76645,124.28358,122.78982,120.82491,122.37226,122.82875,125.23912,125.01839,122.77714,123.80924,123.78129,122.61513,122.94095,122.14674,121.38956,121.65318,122.80668,124.36423,122.57659,122.92244,123.80294,123.07621,122.26879,123.22379,122.05301,122.83635,121.93744,121.54099,121.83332,124.22756,118.93808,121.37953,120.60136,122.03123,121.17229,123.85137,120.98274,122.20431,121.43339,124.51309,122.68429,129.51815,124.33110,120.20507,121.18531,121.90579,121.20461,121.18017,120.98751,121.66724,120.40166,122.95095,121.87843,121.65448,122.43824,124.96842,120.76205,120.34879,122.86138
2025-05-28,123.21658,126.45664,123.61226,123.54330,125.38013,125.90353,125.43858,123.26359,121.35784,126.52097,124.21074,123.65417,124.82515,121.96978,123.42644,126.83094,128.62965,123.07531,124.49088,125.73237,124.61277,125.32687,124.49738,123.48730,125.16083,124.68570,124.19633,124.14150,123.71892,124.33431,123.04718,123.91311,119.66912,121.70678,122.85325,124.42882,123.06457,121.00403,122.46885,122.89876,125.36790,125.17758,122.95923,124.03575,123.92296,122.73781,123.09499,122.21372,121.50287,121.68756,122.88347,124.55781,122.70772,122.97281,123.92647,123.27684,122.26715,123.32069,122.22487,122.99072,122.11218,121.77212,121.96361,124.35737,118.95846,121.55544,120.72685,122.11283,121.28830,124.11443,121.13539,122.44318,121.58077,124.71665,122.86571,129.68964,124.38643,120.29295,121.28534,122.07511,121.42786,121.37091,121.17196,121.78721,120.53229,123.08681,122.01810,121.77607,122.54535,125.05265,120.84345,120.48626,123.01967
2025-05-29,123.34121,126.69444,123.81596,123.70690,125.60590,126.20169,125.64063,123.14802,121.29445,126.85310,124.37173,123.83292,125.07433,122.03152,123.51010,127.11026,128.79304,122.93144,124.76519,125.91866,124.91353,125.60649,124.72430,123.64833,125.37578,124.98894,124.47154,124.39098,124.09397,124.57314,123.14311,124.01885,119.72192,121.78080,122.91789,124.53848,123.14201,121.14119,122.52312,122.97265,125.41713,125.22569,123.02389,124.09054,123.99903,122.76444,123.12535,122.28449,121.50725,121.74680,122.98219,124.56707,122.69671,123.06513,123.93793,123.34855,122.25734,123.32932,122.18819,123.03741,122.30352,121.82696,122.10455,124.51010,119.16428,121.80973,120.90385,122.34068,121.48229,124.10615,121.31221,122.43187,121.69258,124.84444,122.92314,129.73321,124.58001,120.53082,121.43813,122.30518,121.42219,121.42573,121.23180,121.93793,120.58070,123.18355,122.19955,121.97164,122.76313,125.12130,121.09719,120.68363,122.85122
2025-05-30,123.47325,126.72393,123.85473,123.75089,125.65547,126.28822,125.72962,123.19003,121.31660,126.96429,124.46976,123.86591,125.15106,122.07403,123.59209,127.18602,128.86096,122.98469,124.83198,126.01277,124.95143,125.67926,124.82164,123.70829,125.46400,125.06180,124.58384,124.43941,124.16250,124.65937,123.20005,124.10518,119.78204,121.83171,122.99673,124.61058,123.19464,121.19581,122.57004,123.04484,125.49398,125.30549,123.06830,124.14517,124.05008,122.81591,123.16977,122.34799,121.57503,121.81629,123.05561,124.63877,122.76988,123.10132,124.01113,123.45407,122.37410,123.41855,122.25288,123.30736,122.62329,122.12624,122.34358,124.78065,119.41041,122.07294,121.16168,122.61678,121.73992,124.33891,121.63389,122.74945,122.03155,125.13976,123.16194,129.89694,124.63931,120.77215,121.70579,122.62516,121.63001,121.67770,121.48313,122.21083,120.77927,123.40542,122.43212,122.19606,123.02905,125.15735,121.30477,120.90193,123.01958
2025-05-31,123.48750,126.71763,123.85870,123.74640,125.66418,126.31781,125.74431,123.12376,121.25678,127.00532,124.48485,123.84242,125.17477,122.04774,123.59069,127.20079,128.89220,122.92843,124.86665,126.02185,124.97807,125.72838,124.84616,123.70976,125.49218,125.08730,124.63628,124.45505,124.19492,124.69353,123.19536,124.10951,119.75762,121.82087,122.97818,124.61982,123.15651,121.17220,122.52884,123.04263,125.48740,125.28078,123.04692,124.11160,124.01576,122.78972,123.13387,122.32548,121.55545,121.79980,123.03428,124.62015,122.74269,123.07874,123.98360,123.43688,122.40182,123.40617,122.22492,123.31747,122.66524,122.19503,122.41760,124.90000,119.45927,122.13474,121.22188,122.66797,121.81421,124.43450,121.68573,122.70980,122.04435,125.20625,123.28974,129.98103,124.65133,120.83420,121.78612,122.71123,121.60208,121.71525,121.50217,122.24207,120.84857,123.48802,122.50357,122.30026,123.08816,125.18257,121.32839,120.88664,122.86387
2025-06-01,123.73358,126.95928,124.06915,123.94389,125.91136,126.58459,125.95564,123.19297,121.35670,127.30756,124.69952,124.04274,125.42923,122.20647,123.76878,127.46329,129.09529,122.98426,125.12991,126.25512,125.26468,126.01202,125.08759,123.91340,125.74632,125.35691,124.88107,124.69370,124.47881,124.94609,123.37535,124.27889,119.89513,121.99130,123.12168,124.80696,123.31648,121.37022,122.66232,123.19983,125.65305,125.42386,123.19753,124.24269,124.16409,122.93839,123.27288,122.46454,121.67657,121.96135,123.21159,124.75895,122.87121,123.30481,124.11912,123.60201,122.57022,123.57928,122.35187,123.65017,123.01788,122.55029,122.79102,125.26968,119.86681,122.47123,121.64896,123.06911,122.17108,124.77933,122.07200,122.91154,122.42864,125.55321,123.62479,130.22244,124.88509,121.22510,122.21384,123.11682,121.85643,122.00062,121.81636,122.60523,121.17872,123.81786,122.87580,122.66433,123.45836,125.35807,121.64336,121.20286,123.35459
2025-06-02,123.78796,126.96129,124.16029,123.99413,125.95589,126.61303,126.04205,123.24030,121.37117,127.40185,124.78905,124.09576,125.46011,122.32588,123.88237,127.48759,129.18843,123.03734,125.27393,126.33433,125.28168,126.09106,125.13398,123.95604,125.87740,125.41941,124.97314,124.72321,124.54368,124.99002,123.50358,124.38024,119.97442,122.10626,123.20706,124.93941,123.37243,121.46788,122.71399,123.28761,125.75923,125.50845,123.27740,124.31157,124.23023,123.02625,123.34225,122.52416,121.76670,122.07090,123.30057,124.86906,122.97110,123.42513,124.21276,123.63755,122.73903,123.70815,122.51510,123.63865,123.00187,122.58143,122.72641,125.32532,119.85804,122.42192,121.59302,123.03570,122.11120,124.86436,122.04675,123.01603,122.42720,125.57109,123.71254,130.37552,124.99512,121.09967,122.18774,123.07322,121.84796,122.03539,121.84491,122.63756,121.25847,123.88832,122.89799,122.76237,123.37566,125.53288,121.63282,121.18447,123.16584
2025-06-03,123.81000,126.97829,124.26699,123.99103,126.00157,126.68836,126.05893,123.17706,121.27927,127.46270,124.87220,124.11705,125.51531,122.34783,123.90680,127.55422,129.24301,122.93530,125.37124,126.38185,125.35529,126.14914,125.17582,123.99596,125.98798,125.51609,124.98655,124.77550,124.66010,125.04798,123.54422,124.41209,120.00289,122.16044,123.18586,125.02663,123.29694,121.32906,122.71889,123.29778,125.75087,125.51040,123.30433,124.33607,124.23668,123.04676,123.37691,122.54075,121.78808,122.12241,123.31381,124.89490,122.98892,123.53007,124.21730,123.67243,122.73485,123.78654,122.53101,123.70626,123.01099,122.61106,122.74813,125.35878,119.89609,122.43920,121.62329,123.04557,122.12114,124.92041,122.10747,123.05350,122.46653,125.59841,123.77775,130.42076,125.11878,121.13482,122.20261,123.08895,121.82030,122.04295,121.86228,122.69162,121.28148,123.92993,122.89713,122.80375,123.36136,125.54039,121.70111,121.07300,122.59940
2025-06-04,123.65687,126.81231,124.17541,123.86981,125.86607,126.53458,125.94392,123.10654,121.20642,127.31658,124.73500,123.96861,125.37384,122.20983,123.78534,127.41181,129.13584,122.88228,125.25045,126.23549,125.19805,125.99558,125.02065,123.87666,125.82516,125.35881,124.85974,124.64765,124.52654,124.88908,123.39178,124.26775,119.86839,122.00787,123.06548,124.87239,123.13865,121.07786,122.59204,123.17268,125.63573,125.37735,123.17718,124.20421,124.11572,122.94101,123.26321,122.40962,121.67596,121.96074,123.16887,124.76184,122.87691,123.36271,124.09588,123.50049,122.64391,123.67013,122.42880,123.49724,122.77320,122.39118,122.55149,125.17623,119.67560,122.22270,121.40966,122.82885,121.91313,124.81984,121.85468,122.80847,122.25600,125.38005,123.63256,130.28749,124.94773,120.91988,122.06661,122.86450,121.61715,121.84781,121.62650,122.47008,121.14113,123.75745,122.72039,122.63638,123.14000,125.50295,121.41307,120.91794,122.62478
2025-06-05,123.60383,126.75443,124.14595,123.81245,125.80179,126.47294,125.89642,123.07583,121.15959,127.27550,124.69063,123.90083,125.32685,122.17100,123.75067,127.34470,129.11029,122.86858,125.19832,126.19678,125.12761,125.93217,124.96577,123.83353,125.78567,125.30274,124.81535,124.58943,124.47766,124.81537,123.35866,124.23298,119.82860,121.97280,123.03539,124.84775,123.20804,121.23902,122.54781,123.13035,125.59845,125.34700,123.14000,124.17895,124.07890,122.91573,123.22093,122.36728,121.64639,121.91732,123.12426,124.74104,122.85199,123.31252,124.06898,123.44658,122.64489,123.63724,122.42679,123.42651,122.68589,122.28749,122.45067,125.08125,119.56765,122.11159,121.30129,122.71802,121.80815,124.77974,121.75573,122.73501,122.10575,125.38284,123.56035,130.25482,124.90160,120.82132,121.95600,122.76799,121.54356,121.76971,121.52365,122.38871,121.07571,123.68176,122.61990,122.55175,123.03451,125.50171,121.32406,120.83028,122.58972
2025-06-06,123.43433,126.57715,123.99712,123.64731,125.64018,126.30654,125.72425,122.93542,120.99851,127.09938,124.52129,123.73726,125.15521,122.02489,123.59709,127.16508,128.95994,122.72309,125.00702,126.02960,124.96562,125.76152,124.78745,123.67788,125.60757,125.13951,124.64829,124.42298,124.32276,124.63634,123.19787,124.07620,119.66950,121.81452,122.87243,124.68699,123.07744,121.14108,122.38977,122.97411,125.42128,125.19403,122.98934,124.02940,123.92295,122.76728,123.06053,122.20771,121.48964,121.76050,122.96292,124.59185,122.69868,123.16587,123.90718,123.25563,122.49851,123.48028,122.27568,123.24158,122.48954,122.08139,122.24847,124.88142,119.37614,121.91220,121.09980,122.51701,121.60839,124.61034,121.55870,122.53962,121.88045,125.20544,123.38724,130.07888,124.72954,120.62159,121.76816,122.57151,121.35615,121.58850,121.33889,122.20822,120.91407,123.51030,122.43998,122.36455,122.84004,125.35849,121.14288,120.64457,122.45226
2025-06-07,123.54783,126.66258,124.12119,123.74437,125.73743,126.39201,125.82057,123.05498,121.10547,127.18858,124.60922,123.83250,125.24075,122.14295,123.71512,127.24541,129.08197,122.84326,125.10124,126.12840,125.04466,125.85536,124.87814,123.78331,125.69373,125.23728,124.76184,124.51423,124.42870,124.72973,123.31051,124.19454,119.78483,121.93067,122.99522,124.79854,123.18803,121.24192,122.50892,123.10102,125.52738,125.31708,123.10724,124.15409,124.03445,122.89351,123.18165,122.33374,121.62262,121.87992,123.08320,124.72501,122.82077,123.27782,124.03439,123.35801,122.63464,123.59183,122.41171,123.35534,122.59578,122.19160,122.34289,124.99111,119.46832,122.01601,121.20189,122.61445,121.69593,124.73526,121.66882,122.69182,122.01487,125.33407,123.49780,130.20223,124.83768,120.69679,121.89327,122.67367,121.47558,121.71323,121.43738,122.31295,121.01085,123.62077,122.55589,122.44918,122.93884,125.51021,121.25407,120.78955,122.87895
2025-06-08,123.38862,126.49292,123.96674,123.57815,125.56309,126.21598,125.65819,122.93580,120.98818,126.99854,124.44682,123.66620,125.06586,122.01090,123.57949,127.06365,128.91919,122.74367,124.92847,125.96193,124.85771,125.67586,124.71269,123.62583,125.51782,125.05501,124.61409,124.33677,124.24497,124.55605,123.16744,124.04790,119.64857,121.79066,122.85404,124.63760,123.05816,121.12132,122.37130,122.96005,125.38487,125.17894,122.96525,123.99858,123.89268,122.75385,123.03995,122.18380,121.47644,121.74530,122.94297,124.57633,122.68786,123.11706,123.89889,123.20327,122.50901,123.44553,122.27936,123.20770,122.42831,122.02911,122.17665,124.82182,119.28335,121.83879,121.02150,122.43713,121.52009,124.59664,121.50644,122.57602,121.83370,125.18262,123.35444,130.06496,124.66544,120.51136,121.72160,122.50877,121.34843,121.57061,121.28174,122.14104,120.86466,123.47653,122.39827,122.27534,122.76634,125.36531,121.08413,120.63367,122.33538
2025-06-09,123.35775,126.48369,123.95068,123.55258,125.54770,126.20756,125.63969,122.88595,120.95154,126.99740,124.43135,123.63836,125.04773,121.98474,123.55731,127.05460,128.90512,122.70084,124.91149,125.94493,124.85117,125.66840,124.69125,123.60770,125.50302,125.04317,124.60653,124.31958,124.23584,124.53910,123.14126,124.02550,119.62253,121.76497,122.82778,124.60848,123.03719,121.08680,122.34262,122.93185,125.35749,125.15251,122.94045,123.96487,123.86454,122.72790,123.00900,122.15714,121.44572,121.71482,122.91088,124.54944,122.65971,123.09266,123.87037,123.17153,122.48479,123.42341,122.25016,123.16121,122.37689,121.97689,122.13072,124.77036,119.23502,121.78720,120.96566,122.39310,121.47039,124.57672,121.44694,122.49647,121.76843,125.13052,123.31723,130.04244,124.64415,120.47288,121.67899,122.46602,121.29408,121.51324,121.22443,122.09287,120.82609,123.44171,122.34889,122.23135,122.71788,125.35858,121.03361,120.59314,122.33396
2025-06-10,123.39300,126.51092,123.98847,123.55836,125.56792,126.24829,125.66237,122.88563,120.96660,127.03868,124.46498,123.64042,125.08614,122.00774,123.59005,127.08930,128.91265,122.70444,124.93688,125.98234,124.87187,125.69005,124.71598,123.62815,125.54397,125.08373,124.62645,124.34071,124.26490,124.55335,123.18815,124.05262,119.64496,121.80406,122.84647,124.64493,123.06672,121.13285,122.36424,122.95682,125.38589,125.18379,122.96109,123.97686,123.88783,122.74861,123.02192,122.17098,121.45864,121.73835,122.93801,124.56841,122.68428,123.10874,123.90103,123.20929,122.51830,123.44550,122.28703,123.20102,122.42430,122.02742,122.16456,124.81984,119.25925,121.81731,121.01208,122.42548,121.49978,124.61724,121.55085,122.68625,121.92333,125.22723,123.36106,130.07043,124.68969,120.50820,121.70061,122.52659,121.34427,121.58149,121.35013,122.16144,120.86704,123.47552,122.38487,122.26445,122.74249,125.38349,121.05451,120.59529,122.38271
2025-06-11,123.32783,126.48481,123.93533,123.50451,125.52651,126.21978,125.62243,122.78688,120.87262,127.01587,124.42343,123.59421,125.05262,121.94582,123.52760,127.06254,128.87156,122.60743,124.88917,125.94062,124.86861,125.66930,124.67607,123.58568,125.50612,125.05181,124.59880,124.30708,124.24325,124.52189,123.12526,123.98615,119.57705,121.73303,122.76849,124.57852,123.00200,121.05816,122.29414,122.88855,125.31259,125.11450,122.90301,123.90473,123.82645,122.68365,122.95505,122.09588,121.37911,121.67365,122.86318,124.49137,122.60024,123.06132,123.81075,123.12407,122.42585,123.38423,122.19103,123.08331,122.32464,121.92281,122.08012,124.73048,119.19598,121.73649,120.92146,122.34426,121.42683,124.53728,121.45929,122.54895,121.75053,125.11104,123.27549,130.01153,124.63714,120.44264,121.62251,122.43143,121.23515,121.45053,121.18372,122.04935,120.78505,123.39820,122.30148,122.18920,122.66976,125.31901,120.98797,120.54051,122.72897
2025-06-12,123.36750,126.53159,124.01970,123.56131,125.60298,126.27600,125.65535,122.79156,120.89060,127.06153,124.45098,123.65078,125.11982,122.00517,123.57165,127.12474,128.91197,122.60005,124.93534,125.97880,124.95007,125.72664,124.72675,123.63105,125.55058,125.11886,124.64825,124.37020,124.32937,124.57021,123.16876,124.03187,119.61553,121.77729,122.78625,124.62385,123.04494,121.11776,122.34666,122.92990,125.34611,125.15626,122.93933,123.94497,123.87746,122.72831,122.98933,122.13791,121.40717,121.72332,122.90975,124.52118,122.62663,123.12486,123.83754,123.13500,122.43514,123.41094,122.22036,123.12237,122.36328,121.93390,122.11832,124.78374,119.31051,121.81844,121.00480,122.41176,121.50789,124.54826,121.50886,122.46706,121.71050,125.13187,123.30004,130.01892,124.70284,120.52382,121.70049,122.49728,121.27030,121.46494,121.19551,122.08279,120.83236,123.44453,122.38210,122.25032,122.74811,125.35774,121.05378,120.57941,122.38051
2025-06-13,123.54560,126.74272,124.21589,123.74991,125.81759,126.50089,125.84622,122.88876,121.00148,127.30578,124.63600,123.83558,125.33556,122.16412,123.74394,127.34923,129.09954,122.68095,125.13695,126.18393,125.18339,125.96473,124.93394,123.81936,125.75604,125.34715,124.85163,124.57872,124.56025,124.78554,123.33182,124.19726,119.76521,121.93569,122.93410,124.79930,123.19992,121.27495,122.50906,123.08554,125.50412,125.31871,123.09324,124.10447,124.04008,122.88815,123.14322,122.29397,121.54931,121.88191,123.07046,124.67567,122.77878,123.31248,123.99046,123.29671,122.58458,123.59670,122.35881,123.28146,122.54086,122.13925,122.28102,124.95171,119.51436,122.01208,121.19550,122.60689,121.68619,124.68615,121.68439,122.59659,121.90635,125.29759,123.43951,130.17669,124.90949,120.72008,121.89922,122.69817,121.43249,121.61195,121.40218,122.26765,120.97816,123.59355,122.56655,122.42979,122.94141,125.53865,121.23487,120.81527,122.61493
2025-06-14,123.48542,126.65074,124.12228,123.67630,125.71036,126.41498,125.79461,122.88088,120.97899,127.22212,124.58167,123.75561,125.24688,122.10229,123.70266,127.25242,129.05695,122.69890,125.04784,126.12668,125.05799,125.87991,124.87353,123.75228,125.68119,125.24123,124.80764,124.48531,124.45292,124.71823,123.28131,124.15262,119.73263,121.88063,122.89268,124.74807,123.16095,121.22151,122.46005,123.04137,125.47030,125.27844,123.04195,124.05668,123.98904,122.84399,123.10715,122.25005,121.52961,121.83248,123.02440,124.64456,122.75429,123.23591,123.95896,123.26851,122.57903,123.56066,122.33591,123.24777,122.48198,122.09865,122.21986,124.88052,119.40938,121.92603,121.10873,122.50106,121.62156,124.68056,121.61558,122.61564,121.88714,125.25778,123.40740,130.20260,124.82766,120.62042,121.82097,122.61820,121.41631,121.58573,121.36870,122.19926,120.92503,123.55255,122.47985,122.34065,122.85348,125.50608,121.14749,120.69050,122.23663
2025-06-15,123.48783,126.67474,124.13301,123.67670,125.73196,126.44682,125.80254,122.84491,120.96076,127.25078,124.59126,123.76253,125.26019,122.11145,123.71479,127.26926,129.04777,122.66538,125.06570,126.14622,125.09991,125.90070,124.88453,123.75419,125.70547,125.26572,124.82569,124.49799,124.48049,124.73561,123.29163,124.15839,119.72460,121.89521,122.88749,124.74904,123.15221,121.24252,122.45103,123.04322,125.47295,125.27153,123.03909,124.03765,123.98614,122.83395,123.09823,122.24407,121.51399,121.83591,123.03111,124.63288,122.73970,123.26903,123.95005,123.26588,122.57649,123.57039,122.31945,123.25744,122.48583,122.10076,122.21991,124.88769,119.42297,121.93799,121.12344,122.51101,121.63047,124.67011,121.63095,122.60839,121.90065,125.25763,123.40663,130.18834,124.84918,120.62951,121.83475,122.64835,121.42378,121.57939,121.38666,122.20545,120.92460,123.55409,122.49531,122.34824,122.86162,125.50458,121.14433,120.68861,121.96256
2025-06-16,123.49060,126.69413,124.13903,123.67446,125.75238,126.47364,125.81566,122.80830,120.93373,127.27960,124.59915,123.76484,125.27458,122.09340,123.71234,127.29555,129.04751,122.62562,125.07517,126.15700,125.13549,125.92165,124.89246,123.76049,125.72360,125.28568,124.83552,124.51826,124.51165,124.75793,123.28530,124.14420,119.70735,121.88124,122.86247,124.73777,123.13715,121.22001,122.43535,123.02554,125.46056,125.25782,123.02263,124.01593,123.97289,122.82235,123.08270,122.22417,121.48708,121.81952,123.01658,124.60960,122.71880,123.27266,123.92601,123.25564,122.55566,123.56804,122.29379,123.24142,122.46595,122.08746,122.20262,124.87095,119.41196,121.92087,121.11557,122.49802,121.61886,124.65532,121.61791,122.57896,121.88654,125.23698,123.38953,130.17887,124.85869,120.62085,121.82614,122.65116,121.40307,121.54916,121.36981,122.18317,120.91070,123.54224,122.48364,122.34083,122.85097,125.50273,121.15056,120.81151,122.72595
2025-06-17,124.02765,127.34471,124.55746,124.48919,126.44804,126.94705,126.37396,123.54724,121.67081,127.62984,125.08452,124.50420,125.78274,122.93318,124.30779,127.74604,129.62209,123.38521,125.67397,126.64996,125.77517,126.37376,125.40842,124.39399,126.05375,125.72061,125.17234,125.16674,124.96981,125.37051,123.87771,124.75965,120.41131,122.53326,123.46843,125.24295,123.79721,121.79898,123.26859,123.59693,126.01284,125.82683,123.60064,124.71296,124.65046,123.48998,123.26454,122.87634,122.05973,122.45130,123.61720,125.20624,123.41388,123.95904,124.67070,123.79024,122.86086,124.18910,122.92857,123.59202,122.87655,122.59068,122.63645,125.32704,119.93915,122.39521,121.64901,122.99813,122.04346,124.90355,122.03901,122.92019,122.29818,125.65600,123.44220,130.95735,125.28054,121.08773,122.27894,123.04647,121.82041,121.92842,121.84834,122.58247,121.19904,123.73425,122.98074,122.75041,123.39105,125.86695,121.60668,121.17533,124.26040
2025-06-18,123.80267,127.14559,124.29797,124.28307,126.26345,126.79761,126.16440,123.22299,121.35654,127.50177,124.89407,124.28805,125.63891,122.67019,124.08521,127.53668,129.39711,123.08293,125.52574,126.46215,125.63406,126.29171,125.25626,124.19426,125.84657,125.57469,125.05229,125.03487,124.80363,125.21461,123.62746,124.54946,120.18016,122.27900,123.25857,125.02268,123.55011,121.58116,123.02314,123.36773,125.76530,125.62818,123.35689,124.45777,124.42478,123.19731,122.92502,122.59767,121.78100,122.23091,123.38936,124.95210,123.17961,123.72371,124.40662,123.52584,122.66985,123.98014,122.63170,123.35538,122.66468,122.37596,122.38026,125.09157,119.72248,122.16263,121.41088,122.76877,121.81035,124.61684,121.81110,122.68871,122.12547,125.41197,123.21218,130.84321,125.08499,120.83743,122.05285,122.83802,121.57228,121.66058,121.63572,122.34857,120.95499,123.48941,122.73318,122.49364,123.13499,125.60806,121.37573,120.92105,123.87400
2025-06-19,123.80596,127.11949,124.26321,124.25587,126.24212,126.78892,126.16741,123.22753,121.36878,127.51356,124.88717,124.25457,125.60801,122.68603,124.10184,127.50589,129.43189,123.11909,125.56103,126.47617,125.61256,126.28962,125.26838,124.17996,125.85318,125.56470,125.08556,125.02694,124.79276,125.22877,123.61928,124.57671,120.19077,122.27507,123.30250,125.02856,123.56001,121.59227,123.02172,123.40611,125.79098,125.65519,123.37375,124.44787,124.43220,123.18384,122.89903,122.62127,121.81867,122.22930,123.39331,124.98229,123.18329,123.71065,124.40984,123.55322,122.73734,123.99467,122.63532,123.35884,122.65900,122.38177,122.37022,125.11798,119.67743,122.15277,121.38379,122.74203,121.79795,124.65289,121.79017,122.68089,122.11453,125.40550,123.23835,130.94654,125.08467,120.81792,122.04595,122.82343,121.59294,121.67522,121.64584,122.35412,120.94905,123.49791,122.72636,122.47544,123.11807,125.66274,121.34591,120.92442,123.83206
2025-06-20,123.77375,127.07968,124.23493,124.21359,126.21519,126.78043,126.12426,123.14421,121.30297,127.48841,124.84542,124.20583,125.58846,122.65760,124.06561,127.47720,129.38592,123.06653,125.56617,126.45170,125.59334,126.28626,125.25112,124.13933,125.81743,125.54970,125.06513,125.01259,124.78168,125.20327,123.57545,124.53253,120.14612,122.23082,123.25717,124.97354,123.50584,121.55513,122.97726,123.35932,125.75881,125.61081,123.32057,124.38097,124.37451,123.10584,122.72267,122.54191,121.75226,122.19481,123.35534,124.91650,123.12774,123.68650,124.35074,123.49095,122.71589,123.95642,122.57015,123.33448,122.65604,122.37726,122.35733,125.11618,119.67270,122.15210,121.37589,122.74001,121.79065,124.60497,121.77934,122.64313,122.07481,125.37801,123.19696,130.91995,125.05801,120.80559,122.04381,122.82658,121.57835,121.66074,121.64081,122.35726,120.92625,123.47336,122.72903,122.44640,123.11082,125.62891,121.33534,120.95702,123.79928
2025-06-21,123.68308,126.90361,124.10770,124.07869,126.04205,126.63910,126.00552,123.11752,121.26593,127.32920,124.73076,124.07141,125.44920,122.55572,123.97233,127.33444,129.27557,123.06213,125.39544,126.31989,125.39129,126.15371,125.13931,124.02326,125.67146,125.38394,124.96050,124.86318,124.60979,125.06842,123.47400,124.44504,120.08346,122.12132,123.18263,124.87994,123.41887,121.46149,122.89616,123.27722,125.68515,125.54844,123.22696,124.29352,124.28075,123.01682,122.67966,122.45108,121.69822,122.10714,123.27333,124.83876,123.07241,123.53420,124.28699,123.42616,122.67595,123.85832,122.51503,123.28203,122.58212,122.31026,122.27807,125.02866,119.56088,122.06966,121.27743,122.63633,121.71277,124.60551,121.73405,122.70897,122.15196,125.36929,123.17327,130.91210,124.92528,120.71112,121.95037,122.74477,121.55772,121.62543,121.57564,122.27314,120.86922,123.42370,122.64173,122.34967,123.01435,125.56239,121.26687,120.85515,123.47666
2025-06-22,123.73771,126.98705,124.17061,124.13894,126.11548,126.71747,126.06232,123.11821,121.28354,127.42526,124.78803,124.13659,125.52806,122.58114,124.03256,127.40827,129.33973,123.05867,125.49292,126.38188,125.49526,126.25702,125.21467,124.07225,125.75411,125.47559,125.03946,124.94351,124.70120,125.14499,123.53428,124.50298,120.12376,122.17732,123.23263,124.94188,123.45522,121.51468,122.94284,123.32966,125.74419,125.59749,123.27180,124.33598,124.32307,123.04396,122.61644,122.48797,121.73591,122.16660,123.32509,124.88373,123.10487,123.62227,124.31810,123.45829,122.73104,123.92276,122.54399,123.33226,122.64759,122.38110,122.33113,125.09756,119.63235,122.13897,121.33778,122.69874,121.77323,124.63695,121.77847,122.71804,122.22422,125.43044,123.21553,130.96309,125.00454,120.76951,122.01729,122.80746,121.60460,121.66809,121.63284,122.34162,120.91550,123.47345,122.70116,122.40079,123.08212,125.64122,121.31285,120.91346,123.40057
2025-06-23,123.54725,126.75670,123.92541,123.93345,125.87229,126.47155,125.86601,122.98731,121.13872,127.19614,124.58218,123.91787,125.29794,122.38006,123.84751,127.13966,129.16384,122.94282,125.25953,126.16371,125.23705,126.03056,124.99478,123.85065,125.52100,125.21833,124.84809,124.70750,124.43992,124.91387,123.32976,124.31119,119.93994,121.97812,123.04195,124.74992,123.26261,121.33359,122.74814,123.15261,125.61938,125.40654,123.07910,124.13987,124.11479,122.85251,122.51895,122.30286,121.58112,121.97684,123.12585,124.71180,122.92845,123.38704,124.12626,123.26259,122.59041,123.74855,122.37295,123.16579,122.44364,122.20681,122.13675,124.89882,119.38522,121.92243,121.10759,122.47628,121.56457,124.52826,121.58909,122.61367,122.08581,125.28544,123.10911,130.80490,124.76319,120.54003,121.81533,122.60264,121.46228,121.51144,121.45016,122.13802,120.75264,123.32345,122.48496,122.21646,122.87016,125.48662,121.10827,120.80714,123.39152
2025-06-24,123.57193,126.76999,123.98232,123.99559,125.87615,126.41987,125.79624,123.06524,121.21673,127.17851,124.57335,123.98923,125.28157,122.41094,123.84793,127.08902,129.13831,122.99294,125.24492,126.12369,125.26844,126.03442,124.96888,123.82885,125.46831,125.25135,124.82130,124.73495,124.48655,124.86652,123.36646,124.31360,119.94514,122.02838,123.07413,124.76905,123.23236,121.40957,122.76127,123.17130,125.53632,125.35747,123.10773,124.17545,124.11524,122.87057,122.39082,122.32121,121.61647,122.02383,123.15549,124.70044,122.94281,123.45982,124.16178,123.19987,122.59476,123.76527,122.39945,123.18215,122.54150,122.27715,122.19690,124.95057,119.49205,122.02451,121.23491,122.57654,121.63116,124.57690,121.71401,122.67258,122.17081,125.34057,123.16550,130.62652,124.78731,120.65170,121.94434,122.70720,121.55345,121.61213,121.54091,122.21449,120.75469,123.34614,122.57592,122.22090,122.90851,125.45438,121.20688,120.71274,123.37137
2025-06-25,123.48654,126.67622,123.87988,123.88578,125.76870,126.34282,125.68478,122.94434,121.10098,127.12847,124.51226,123.88084,125.21438,122.29828,123.75329,127.02287,129.08158,122.87991,125.14896,126.05540,125.19557,125.97581,124.90242,123.73508,125.40319,125.16635,124.76390,124.64381,124.40254,124.82379,123.27069,124.22727,119.85086,121.92774,122.99573,124.69516,123.12951,121.33520,122.66405,123.10217,125.46478,125.25767,123.03722,124.09605,124.01150,122.78458,122.35339,122.22498,121.53654,121.94808,123.08481,124.61759,122.85810,123.37602,124.06589,123.15454,122.54824,123.66266,122.29447,123.06261,122.45139,122.17019,122.08225,124.84109,119.37034,121.92672,121.12348,122.46041,121.52884,124.50102,121.61012,122.55655,122.05533,125.23065,123.08367,130.62732,124.72646,120.55438,121.85869,122.61080,121.47463,121.53041,121.43754,122.09666,120.63057,123.23341,122.46565,122.08481,122.78561,125.35537,121.10608,120.66222,123.61508
2025-06-26,123.46118,126.61162,123.79664,123.85487,125.68566,126.26371,125.65504,122.90915,121.03251,127.02854,124.42115,123.85526,125.17550,122.23635,123.69650,126.97151,129.05064,122.84840,125.09587,125.98778,125.16057,125.97013,124.83341,123.67973,125.30815,125.09581,124.70744,124.57517,124.35997,124.76346,123.21600,124.15577,119.81670,121.88044,122.92031,124.61549,123.06284,121.32728,122.64531,123.03798,125.37637,125.20627,122.95048,124.05130,123.96481,122.68638,122.12473,122.17040,121.49033,121.92443,123.03502,124.55641,122.76766,123.32644,124.00433,123.01568,122.52510,123.59917,122.22651,123.08602,122.52136,122.25639,122.12830,124.89379,119.45138,121.99879,121.18651,122.51892,121.55636,124.47532,121.63752,122.59561,122.04102,125.24690,123.07093,130.40894,124.65646,120.58488,121.91717,122.65573,121.52083,121.57971,121.49411,122.13162,120.66213,123.28461,122.55804,122.11091,122.86892,125.34307,121.16162,120.74706,123.77794
2025-06-27,123.40488,126.46101,123.67288,123.75145,125.55670,126.20123,125.60267,122.89181,120.98800,126.93196,124.31671,123.74054,125.08494,122.15048,123.64674,126.95653,128.99819,122.86270,125.00667,125.92258,125.05887,125.89017,124.74098,123.59602,125.22026,124.96296,124.65547,124.43853,124.20762,124.71125,123.13977,124.08119,119.76714,121.80592,122.83950,124.52502,122.98108,121.27826,122.60883,122.99033,125.34191,125.18350,122.89772,123.96898,123.90364,122.62004,122.20953,122.12393,121.43620,121.86858,122.97783,124.50059,122.68662,123.24383,123.94301,122.98003,122.52697,123.53323,122.15569,123.06982,122.49374,122.26296,122.09204,124.88478,119.37762,121.96270,121.14067,122.45706,121.50034,124.46971,121.57888,122.58435,121.95083,125.19555,123.06995,130.38998,124.55848,120.50403,121.85368,122.60417,121.53597,121.55044,121.47190,122.08507,120.65602,123.28512,122.54217,122.05060,122.84446,125.29050,121.11176,120.68291,123.79977
2025-06-28,123.55425,126.62746,123.85171,123.89447,125.72386,126.43074,125.75575,122.91918,121.03894,127.17524,124.49362,123.85251,125.32158,122.25891,123.77896,127.17853,129.12425,122.90529,125.22369,126.11810,125.24671,126.10594,124.94094,123.76554,125.42269,125.18320,124.86020,124.63909,124.44738,124.89026,123.28878,124.22614,119.90408,121.93415,122.96002,124.67632,123.11323,121.39728,122.74524,123.11060,125.50238,125.34546,123.03265,124.08118,124.04735,122.73185,122.16915,122.23382,121.54840,122.00047,123.13649,124.61536,122.81235,123.38483,124.06089,123.16464,122.65322,123.67441,122.27367,123.20982,122.64274,122.39420,122.22162,125.02909,119.52812,122.10202,121.29032,122.61135,121.64288,124.59349,121.76097,122.75590,122.20367,125.35463,123.19820,130.58496,124.75552,120.66185,121.99194,122.77618,121.65101,121.66452,121.61093,122.22529,120.76670,123.39683,122.66833,122.18168,122.97291,125.45525,121.26749,120.87338,123.94520
2025-06-29,123.53388,126.53066,123.77433,123.82182,125.62306,126.36117,125.71154,122.93578,121.05591,127.11884,124.45665,123.77394,125.22212,122.23333,123.74818,127.11875,129.09183,122.94215,125.14645,126.08728,125.14932,126.04232,124.89343,123.70443,125.38082,125.11059,124.83208,124.54891,124.32470,124.84610,123.26276,124.20703,119.88514,121.90646,122.93799,124.66672,123.09278,121.37024,122.71807,123.11249,125.50261,125.33338,123.00833,124.05092,124.01575,122.72377,122.34647,122.22971,121.54926,121.98207,123.11068,124.61471,122.80566,123.34732,124.04901,123.18218,122.68215,123.65348,122.26696,123.23704,122.62982,122.38945,122.22256,125.03434,119.47251,122.08449,121.26792,122.56358,121.63734,124.67013,121.75638,122.82579,122.27596,125.38428,123.25259,130.65101,124.71437,120.63964,121.97229,122.74737,121.69615,121.68483,121.61283,122.22275,120.78733,123.43211,122.64238,122.18548,122.95261,125.43549,121.27305,120.84530,123.71638
2025-06-30,123.30804,126.12490,123.44263,123.46279,125.21179,125.97594,125.42386,122.90043,120.95836,126.72530,124.18257,123.44517,124.82122,121.96702,123.50943,126.72013,128.87417,122.94326,124.75617,125.79177,124.66630,125.61924,124.55782,123.39871,125.05894,124.70160,124.56636,124.15619,123.88617,124.49117,122.99597,123.99547,119.66315,121.64795,122.72464,124.44631,122.90006,121.14210,122.45127,122.94427,125.32878,125.15945,122.81276,123.83419,123.75213,122.49901,122.36784,122.00974,121.40733,121.72154,122.85845,124.46693,122.65535,122.97787,123.85265,123.03072,122.60746,123.46442,122.15787,123.17640,122.44756,122.19259,122.01701,124.81492,119.13653,121.81243,120.97565,122.28356,121.38451,124.68669,121.60601,122.96652,122.26608,125.27880,123.17867,130.57615,124.37826,120.34273,121.71928,122.54762,121.63712,121.62760,121.48670,122.01718,120.64077,123.29407,122.39296,121.94645,122.67817,125.25751,120.98464,120.65238,123.72206
2025-07-01,123.29746,126.11075,123.40267,123.45227,125.16417,125.93342,125.38505,122.93193,120.99184,126.67071,124.15502,123.42248,124.79649,121.94061,123.49287,126.68529,128.71425,122.94900,124.70961,125.75804,124.67715,125.51173,124.52254,123.37607,125.02520,124.67995,124.52809,124.12927,123.86682,124.42734,122.96292,123.99033,119.65986,121.62213,122.72198,124.44431,122.87403,121.12933,122.44459,122.95127,125.31396,125.14906,122.80950,123.84485,123.73631,122.48908,122.39368,122.00988,121.40842,121.71763,122.84343,124.47183,122.65693,122.97218,123.84910,123.00496,122.57034,123.43573,122.14635,123.16609,122.46540,122.20255,122.03320,124.84287,119.16208,121.83080,120.98591,122.29175,121.39857,124.69535,121.63795,122.95242,122.28714,125.29326,123.19137,130.48204,124.36647,120.34752,121.74823,122.56117,121.63717,121.63945,121.51311,122.02011,120.62920,123.29078,122.42766,121.96493,122.68441,125.23063,120.99351,120.64845,123.71064
2025-07-02,123.28687,126.09659,123.36271,123.44175,125.11654,125.89089,125.34624,122.96342,121.02532,126.61612,124.12748,123.39979,124.77177,121.91420,123.47631,126.65046,128.55433,122.95473,124.66305,125.72430,124.68801,125.40423,124.48726,123.35343,124.99145,124.65830,124.48982,124.10235,123.84748,124.36351,122.92987,123.98519,119.65658,121.59630,122.71932,124.44231,122.84800,121.11657,122.43792,122.95828,125.29914,125.13868,122.80625,123.85550,123.72050,122.47916,122.41952,122.01002,121.40951,121.71372,122.82841,124.47672,122.65851,122.96649,123.84554,122.97921,122.53322,123.40703,122.13482,123.15577,122.48324,122.21251,122.04939,124.87082,119.18763,121.84916,120.99617,122.29995,121.41263,124.70400,121.66988,122.93831,122.30819,125.30772,123.20406,130.38794,124.35467,120.35231,121.77718,122.57473,121.63722,121.65131,121.53953,122.02305,120.61763,123.28749,122.46235,121.98342,122.69066,125.20375,121.00237,120.64451,123.69922
2025-07-03,123.27628,126.08243,123.32275,123.43123,125.06892,125.84837,125.30743,122.99491,121.05879,126.56153,124.09994,123.37710,124.74704,121.88778,123.45975,126.61563,128.39440,122.96047,124.61649,125.69057,124.69886,125.29672,124.45198,123.33079,124.95771,124.63665,124.45155,124.07542,123.82814,124.29969,122.89681,123.98006,119.65330,121.57047,122.71666,124.44031,122.82198,121.10381,122.43125,122.96529,125.28432,125.12829,122.80299,123.86615,123.70469,122.46924,122.44537,122.01016,121.41059,121.70980,122.81339,124.48161,122.66009,122.96080,123.84199,122.95346,122.49609,123.37833,122.12330,123.14546,122.50107,122.22247,122.06558,124.89876,119.21317,121.86753,121.00643,122.30814,121.42669,124.71266,121.70181,122.92421,122.32925,125.32218,123.21676,130.29383,124.34288,120.35710,121.80613,122.58828,121.63728,121.66316,121.56594,122.02598,120.60605,123.28420,122.49705,122.00191,122.69690,125.17687,121.01124,120.64058,123.68780
2025-07-04,123.26570,126.06827,123.28279,123.42071,125.02129,125.80584,125.26862,123.02641,121.09227,126.50694,124.07240,123.35440,124.72231,121.86137,123.44319,126.58080,128.23448,122.96620,124.56993,125.65683,124.70972,125.18922,124.41670,123.30815,124.92397,124.61501,124.41328,124.04850,123.80879,124.23586,122.86376,123.97492,119.65002,121.54464,122.71401,124.43831,122.79595,121.09105,122.42457,122.97230,125.26950,125.11791,122.79974,123.87680,123.68888,122.45932,122.47121,122.01030,121.41168,121.70589,122.79837,124.48651,122.66167,122.95511,123.83844,122.92771,122.45897,123.34963,122.11177,123.13515,122.51891,122.23242,122.08178,124.92671,119.23872,121.88590,121.01670,122.31633,121.44075,124.72131,121.73375,122.91010,122.35031,125.33664,123.22945,130.19972,124.33108,120.36188,121.83508,122.60183,121.63733,121.67501,121.59236,122.02892,120.59448,123.28091,122.53175,122.02040,122.70315,125.14999,121.02011,120.63664,123.67638
2025-07-05,123.25511,126.05411,123.24283,123.41019,124.97366,125.76331,125.22981,123.05790,121.12574,126.45234,124.04486,123.33171,124.69759,121.83496,123.42663,126.54596,128.07455,122.97193,124.52338,125.62309,124.72058,125.08172,124.38142,123.28551,124.89023,124.59336,124.37501,124.02158,123.78945,124.17203,122.83071,123.96979,119.64673,121.51881,122.71135,124.43631,122.76993,121.07828,122.41790,122.97930,125.25468,125.10753,122.79648,123.88746,123.67307,122.44940,122.49705,122.01044,121.41277,121.70198,122.78335,124.49140,122.66325,122.94942,123.83488,122.90196,122.42185,123.32094,122.10025,123.12484,122.53675,122.24238,122.09797,124.95466,119.26427,121.90426,121.02696,122.32452,121.45482,124.72997,121.76568,122.89600,122.37137,125.35110,123.24215,130.10561,124.31928,120.36667,121.86404,122.61539,121.63738,121.68687,121.61877,122.03185,120.58291,123.27762,122.56644,122.03889,122.70939,125.12310,121.02898,120.63271,123.66496
2025-07-06,123.24452,126.03996,123.20287,123.39967,124.92604,125.72079,125.19100,123.08939,121.15922,126.39775,124.01731,123.30902,124.67286,121.80854,123.41007,126.51113,127.91463,122.97767,124.47682,125.58936,124.73143,124.97421,124.34614,123.26287,124.85649,124.57171,124.33674,123.99466,123.77011,124.10820,122.79766,123.96465,119.64345,121.49299,122.70869,124.43430,122.74390,121.06552,122.41122,122.98631,125.23986,125.09714,122.79323,123.89811,123.65726,122.43948,122.52289,122.01058,121.41386,121.69806,122.76833,124.49629,122.66483,122.94373,123.83133,122.87621,122.38473,123.29224,122.08872,123.11452,122.55459,122.25234,122.11416,124.98261,119.28981,121.92263,121.03722,122.33272,121.46888,124.73863,121.79762,122.88189,122.39242,125.36556,123.25485,130.01151,124.30749,120.37146,121.89299,122.62894,121.63743,121.69872,121.64518,122.03479,120.57133,123.27433,122.60114,122.05738,122.71563,125.09622,121.03784,120.62877,123.65354
2025-07-07,123.23394,126.02580,123.16291,123.38916,124.87841,125.67826,125.15219,123.12089,121.19270,126.34316,123.98977,123.28633,124.64814,121.78213,123.39351,126.47630,127.75471,122.98340,124.43026,125.55562,124.74229,124.86671,124.31087,123.24023,124.82275,124.55006,124.29847,123.96774,123.75077,124.04438,122.76461,123.95951,119.64017,121.46716,122.70603,124.43230,122.71787,121.05276,122.40455,122.99332,125.22504,125.08676,122.78997,123.90876,123.64145,122.42956,122.54873,122.01073,121.41495,121.69415,122.75331,124.50118,122.66641,122.93804,123.82778,122.85046,122.34760,123.26354,122.07720,123.10421,122.57242,122.26230,122.13035,125.01056,119.31536,121.94100,121.04748,122.34091,121.48294,124.74728,121.82955,122.86778,122.41348,125.38002,123.26754,129.91740,124.29569,120.37624,121.92194,122.64250,121.63748,121.71057,121.67160,122.03773,120.55976,123.27105,122.63583,122.07587,122.72188,125.06934,121.04671,120.62484,123.64212
2025-07-08,123.22335,126.01164,123.12295,123.37864,124.83079,125.63574,125.11338,123.15238,121.22617,126.28857,123.96223,123.26364,124.62341,121.75572,123.37695,126.44147,127.59478,122.98914,124.38370,125.52189,124.75314,124.75921,124.27559,123.21759,124.78901,124.52841,124.26020,123.94081,123.73142,123.98055,122.73156,123.95438,119.63689,121.44133,122.70337,124.43030,122.69185,121.04000,122.39788,123.00033,125.21022,125.07638,122.78672,123.91941,123.62564,122.41964,122.57458,122.01087,121.41604,121.69024,122.73828,124.50608,122.66799,122.93234,123.82422,122.82471,122.31048,123.23484,122.06567,123.09390,122.59026,122.27225,122.14654,125.03850,119.34091,121.95936,121.05774,122.34910,121.49700,124.75594,121.86148,122.85368,122.43454,125.39448,123.28024,129.82329,124.28389,120.38103,121.95089,122.65605,121.63754,121.72243,121.69801,122.04066,120.54819,123.26776,122.67053,122.09436,122.72812,125.04246,121.05558,120.62090,123.63069
2025-07-09,123.21277,125.99748,123.08298,123.36812,124.78316,125.59321,125.07457,123.18388,121.25965,126.23398,123.93469,123.24095,124.59868,121.72931,123.36039,126.40664,127.43486,122.99487,124.33714,125.48815,124.76400,124.65170,124.24031,123.19495,124.75527,124.50677,124.22193,123.91389,123.71208,123.91672,122.69851,123.94924,119.63360,121.41550,122.70071,124.42830,122.66582,121.02723,122.39120,123.00734,125.19540,125.06599,122.78346,123.93007,123.60983,122.40972,122.60042,122.01101,121.41712,121.68632,122.72326,124.51097,122.66957,122.92665,123.82067,122.79896,122.27336,123.20614,122.05415,123.08359,122.60810,122.28221,122.16273,125.06645,119.36645,121.97773,121.06800,122.35730,121.51107,124.76459,121.89342,122.83957,122.45560,125.40894,123.29293,129.72918,124.27210,120.38582,121.97984,122.66961,121.63759,121.73428,121.72443,122.04360,120.53661,123.26447,122.70522,122.11285,122.73436,125.01558,121.06444,120.61697,123.61927
2025-07-10,123.20218,125.98333,123.04302,123.35760,124.73553,125.55069,125.03576,123.21537,121.29312,126.17939,123.90714,123.21826,124.57396,121.70289,123.34383,126.37180,127.27493,123.00060,124.29058,125.45441,124.77486,124.54420,124.20503,123.17231,124.72152,124.48512,124.18366,123.88697,123.69274,123.85289,122.66545,123.94410,119.63032,121.38967,122.69805,124.42630,122.63980,121.01447,122.38453,123.01434,125.18058,125.05561,122.78020,123.94072,123.59402,122.39980,122.62626,122.01115,121.41821,121.68241,122.70824,124.51586,122.67115,122.92096,123.81711,122.77321,122.23623,123.17745,122.04263,123.07328,122.62594,122.29217,122.17893,125.09440,119.39200,121.99610,121.07826,122.36549,121.52513,124.77325,121.92535,122.82547,122.47665,125.42340,123.30563,129.63507,124.26030,120.39061,122.00880,122.68316,121.63764,121.74613,121.75084,122.04653,120.52504,123.26118,122.73992,122.13134,122.74061,124.98869,121.07331,120.61304,123.60785
2025-07-11,123.19159,125.96917,123.00306,123.34708,124.68791,125.50816,124.99695,123.24686,121.32660,126.12479,123.87960,123.19557,124.54923,121.67648,123.32727,126.33697,127.11501,123.00634,124.24402,125.42068,124.78571,124.43670,124.16975,123.14967,124.68778,124.46347,124.14539,123.86005,123.67339,123.78907,122.63240,123.93897,119.62704,121.36385,122.69539,124.42430,122.61377,121.00171,122.37785,123.02135,125.16575,125.04522,122.77695,123.95137,123.57821,122.38987,122.65210,122.01129,121.41930,121.67850,122.69322,124.52075,122.67273,122.91527,123.81356,122.74746,122.19911,123.14875,122.03110,123.06296,122.64377,122.30213,122.19512,125.12235,119.41755,122.01446,121.08852,122.37368,121.53919,124.78191,121.95729,122.81136,122.49771,125.43786,123.31832,129.54097,124.24851,120.39539,122.03775,122.69672,121.63769,121.75799,121.77725,122.04947,120.51347,123.25789,122.77462,122.14982,122.74685,124.96181,121.08218,120.60910,123.59643
2025-07-12,123.18101,125.95501,122.96310,123.33656,124.64028,125.46563,124.95814,123.27836,121.36007,126.07020,123.85206,123.17287,124.52451,121.65007,123.31072,126.30214,126.95509,123.01207,124.19746,125.38694,124.79657,124.32919,124.13447,123.12703,124.65404,124.44182,124.10712,123.83313,123.65405,123.72524,122.59935,123.93383,119.62376,121.33802,122.69273,124.42229,122.58774,120.98895,122.37118,123.02836,125.15093,125.03484,122.77369,123.96202,123.56240,122.37995,122.67794,122.01143,121.42039,121.67458,122.67820,124.52565,122.67431,122.90958,123.81001,122.72171,122.16199,123.12005,122.01958,123.05265,122.66161,122.31208,122.21131,125.15030,119.44310,122.03283,121.09878,122.38187,121.55325,124.79056,121.98922,122.79726,122.51877,125.45232,123.33102,129.44686,124.23671,120.40018,122.06670,122.71027,121.63774,121.76984,121.80367,122.05240,120.50189,123.25460,122.80931,122.16831,122.75309,124.93493,121.09105,120.60517,123.58501
2025-07-13,123.17042,125.94085,122.92314,123.32604,124.59266,125.42311,124.91933,123.30985,121.39355,126.01561,123.82452,123.15018,124.49978,121.62365,123.29416,126.26731,126.79516,123.01781,124.15090,125.35321,124.80742,124.22169,124.09919,123.10439,124.62030,124.42018,124.06885,123.80620,123.63471,123.66141,122.56630,123.92869,119.62047,121.31219,122.69008,124.42029,122.56172,120.97618,122.36451,123.03537,125.13611,125.02446,122.77044,123.97268,123.54659,122.37003,122.70378,122.01157,121.42148,121.67067,122.66318,124.53054,122.67589,122.90389,123.80645,122.69596,122.12486,123.09135,122.00805,123.04234,122.67945,122.32204,122.22750,125.17824,119.46864,122.05120,121.10904,122.39007,121.56731,124.79922,122.02115,122.78315,122.53983,125.46678,123.34372,129.35275,124.22491,120.40497,122.09565,122.72383,121.63779,121.78169,121.83008,122.05534,120.49032,123.25131,122.84401,122.18680,122.75934,124.90805,121.09991,120.60123,123.57359
2025-07-14,123.15983,125.92670,122.88318,123.31552,124.54503,125.38058,124.88052,123.34135,121.42703,125.96102,123.79697,123.12749,124.47505,121.59724,123.27760,126.23248,126.63524,123.02354,124.10434,125.31947,124.81828,124.11419,124.06391,123.08176,124.58656,124.39853,124.03058,123.77928,123.61537,123.59759,122.53325,123.92356,119.61719,121.28636,122.68742,124.41829,122.53569,120.96342,122.35783,123.04237,125.12129,125.01407,122.76718,123.98333,123.53078,122.36011,122.72963,122.01171,121.42257,121.66676,122.64816,124.53543,122.67747,122.89820,123.80290,122.67021,122.08774,123.06266,121.99653,123.03203,122.69729,122.33200,122.24369,125.20619,119.49419,122.06956,121.11930,122.39826,121.58138,124.80787,122.05309,122.76904,122.56088,125.48124,123.35641,129.25864,124.21312,120.40975,122.12460,122.73738,121.63785,121.79355,121.85650,122.05827,120.47875,123.24802,122.87870,122.20529,122.76558,124.88117,121.10878,120.59730,123.56217
2025-07-15,123.14925,125.91254,122.84322,123.30501,124.49740,125.33806,124.84171,123.37284,121.46050,125.90643,123.76943,123.10480,124.45033,121.57083,123.26104,126.19764,126.47531,123.02927,124.05778,125.28573,124.82914,124.00668,124.02863,123.05912,124.55282,124.37688,123.99231,123.75236,123.59602,123.53376,122.50020,123.91842,119.61391,121.26053,122.68476,124.41629,122.50967,120.95066,122.35116,123.04938,125.10647,125.00369,122.76393,123.99398,123.51497,122.35019,122.75547,122.01186,121.42365,121.66284,122.63314,124.54033,122.67905,122.89251,123.79934,122.64446,122.05062,123.03396,121.98500,123.02172,122.71512,122.34196,122.25989,125.23414,119.51974,122.08793,121.12957,122.40645,121.59544,124.81653,122.08502,122.75494,122.58194,125.49570,123.36911,129.16454,124.20132,120.41454,122.15355,122.75094,121.63790,121.80540,121.88291,122.06121,120.46717,123.24474,122.91340,122.22378,122.77183,124.85428,121.11765,120.59336,123.55075
2025-07-16,123.13866,125.89838,122.80326,123.29449,124.44978,125.29553,124.80290,123.40433,121.49398,125.85183,123.74189,123.08211,124.42560,121.54441,123.24448,126.16281,126.31539,123.03501,124.01122,125.25200,124.83999,123.89918,123.99335,123.03648,124.51908,124.35523,123.95404,123.72544,123.57668,123.46993,122.46715,123.91329,119.61062,121.23471,122.68210,124.41429,122.48364,120.93790,122.34448,123.05639,125.09165,124.99331,122.76067,124.00464,123.49916,122.34027,122.78131,122.01200,121.42474,121.65893,122.61812,124.54522,122.68063,122.88682,123.79579,122.61871,122.01350,123.00526,121.97348,123.01140,122.73296,122.35191,122.27608,125.26209,119.54528,122.10630,121.13983,122.41465,121.60950,124.82519,122.11696,122.74083,122.60300,125.51016,123.38180,129.07043,124.18953,120.41933,122.18251,122.76449,121.63795,121.81725,121.90932,122.06414,120.45560,123.24145,122.94810,122.24227,122.77807,124.82740,121.12651,120.58943,123.53933
2025-07-17,123.12807,125.88422,122.76330,123.28397,124.40215,125.25301,124.76409,123.43583,121.52745,125.79724,123.71435,123.05942,124.40088,121.51800,123.22792,126.12798,126.15547,123.04074,123.96467,125.21826,124.85085,123.79167,123.95807,123.01384,124.48534,124.33358,123.91577,123.69852,123.55734,123.40610,122.43409,123.90815,119.60734,121.20888,122.67944,124.41229,122.45761,120.92513,122.33781,123.06340,125.07683,124.98292,122.75742,124.01529,123.48334,122.33035,122.80715,122.01214,121.42583,121.65502,122.60310,124.55011,122.68221,122.88113,123.79224,122.59296,121.97637,122.97656,121.96196,123.00109,122.75080,122.36187,122.29227,125.29004,119.57083,122.12466,121.15009,122.42284,121.62356,124.83384,122.14889,122.72673,122.62406,125.52462,123.39450,128.97632,124.17773,120.42412,122.21146,122.77805,121.63800,121.82911,121.93574,122.06708,120.44403,123.23816,122.98279,122.26076,122.78431,124.80052,121.13538,120.58549,123.52791
2025-07-18,123.11749,125.87007,122.72334,123.27345,124.35453,125.21048,124.72528,123.46732,121.56093,125.74265,123.68680,123.03673,124.37615,121.49159,123.21136,126.09315,125.99554,123.04648,123.91811,125.18453,124.86170,123.68417,123.92279,122.99120,124.45159,124.31194,123.87750,123.67159,123.53799,123.34228,122.40104,123.90301,119.60406,121.18305,122.67678,124.41028,122.43159,120.91237,122.33114,123.07041,125.06201,124.97254,122.75416,124.02594,123.46753,122.32043,122.83299,122.01228,121.42692,121.65110,122.58808,124.55500,122.68379,122.87544,123.78868,122.56721,121.93925,122.94786,121.95043,122.99078,122.76864,122.37183,122.30846,125.31798,119.59638,122.14303,121.16035,122.43103,121.63763,124.84250,122.18083,122.71262,122.64511,125.53908,123.40719,128.88221,124.16593,120.42890,122.24041,122.79160,121.63805,121.84096,121.96215,122.07001,120.43245,123.23487,123.01749,122.27925,122.79056,124.77364,121.14425,120.58156,123.51648
2025-07-19,123.10690,125.85591,122.68338,123.26293,124.30690,125.16795,124.68647,123.49882,121.59441,125.68806,123.65926,123.01404,124.35143,121.46518,123.19480,126.05832,125.83562,123.05221,123.87155,125.15079,124.87256,123.57667,123.88751,122.96856,124.41785,124.29029,123.83924,123.64467,123.51865,123.27845,122.36799,123.89788,119.60078,121.15722,122.67412,124.40828,122.40556,120.89961,122.32446,123.07741,125.04719,124.96215,122.75090,124.03659,123.45172,122.31051,122.85884,122.01242,121.42801,121.64719,122.57306,124.55990,122.68537,122.86974,123.78513,122.54146,121.90213,122.91917,121.93891,122.98047,122.78647,122.38179,122.32465,125.34593,119.62193,122.16140,121.17061,122.43922,121.65169,124.85115,122.21276,122.69851,122.66617,125.55354,123.41989,128.78811,124.15414,120.43369,122.26936,122.80516,121.63811,121.85281,121.98857,122.07295,120.42088,123.23158,123.05218,122.29774,122.79680,124.74676,121.15312,120.57762,123.50506
2025-07-20,123.09632,125.84175,122.64342,123.25241,124.25927,125.12543,124.64766,123.53031,121.62788,125.63347,123.63172,122.99135,124.32670,121.43876,123.17824,126.02348,125.67569,123.05794,123.82499,125.11705,124.88342,123.46916,123.85223,122.94592,124.38411,124.26864,123.80097,123.61775,123.49931,123.21462,122.33494,123.89274,119.59749,121.13139,122.67146,124.40628,122.37954,120.88685,122.31779,123.08442,125.03237,124.95177,122.74765,124.04725,123.43591,122.30059,122.88468,122.01256,121.42909,121.64328,122.55804,124.56479,122.68695,122.86405,123.78158,122.51571,121.86500,122.89047,121.92738,122.97015,122.80431,122.39174,122.34084,125.37388,119.64747,122.17976,121.18087,122.44742,121.66575,124.85981,122.24469,122.68441,122.68723,125.56800,123.43259,128.69400,124.14234,120.43848,122.29831,122.81871,121.63816,121.86467,122.01498,122.07588,120.40931,123.22829,123.08688,122.31623,122.80304,124.71987,121.16198,120.57369,123.49364
2025-07-21,123.08573,125.82759,122.60346,123.24189,124.21165,125.08290,124.60885,123.56180,121.66136,125.57888,123.60418,122.96865,124.30197,121.41235,123.16168,125.98865,125.51577,123.06368,123.77843,125.08332,124.89427,123.36166,123.81695,122.92328,124.35037,124.24699,123.76270,123.59083,123.47996,123.15080,122.30189,123.88760,119.59421,121.10557,122.66881,124.40428,122.35351,120.87408,122.31111,123.09143,125.01754,124.94139,122.74439,124.05790,123.42010,122.29066,122.91052,122.01270,121.43018,121.63936,122.54302,124.56968,122.68853,122.85836,123.77802,122.48996,121.82788,122.86177,121.91586,122.95984,122.82215,122.40170,122.35704,125.40183,119.67302,122.19813,121.19113,122.45561,121.67981,124.86847,122.27663,122.67030,122.70829,125.58246,123.44528,128.59989,124.13055,120.44326,122.32727,122.83226,121.63821,121.87652,122.04140,122.07882,120.39774,123.22500,123.12158,122.33471,122.80929,124.69299,121.17085,120.56976,123.48222
2025-07-22,123.07514,125.81344,122.56350,123.23138,124.16402,125.04038,124.57004,123.59330,121.69483,125.52428,123.57663,122.94596,124.27725,121.38594,123.14512,125.95382,125.35585,123.06941,123.73187,125.04958,124.90513,123.25416,123.78167,122.90064,124.31663,124.22535,123.72443,123.56390,123.46062,123.08697,122.26884,123.88247,119.59093,121.07974,122.66615,124.40228,122.32748,120.86132,122.30444,123.09844,125.00272,124.93100,122.74114,124.06855,123.40429,122.28074,122.93636,122.01285,121.43127,121.63545,122.52800,124.57457,122.69011,122.85267,123.77447,122.46421,121.79076,122.83307,121.90433,122.94953,122.83998,122.41166,122.37323,125.42978,119.69857,122.21650,121.20139,122.46380,121.69387,124.87712,122.30856,122.65620,122.72934,125.59692,123.45798,128.50578,124.11875,120.44805,122.35622,122.84582,121.63826,121.88837,122.06781,122.08176,120.38616,123.22171,123.15627,122.35320,122.81553,124.66611,121.17972,120.56582,123.47080
2025-07-23,123.06456,125.79928,122.52354,123.22086,124.11640,124.99785,124.53123,123.62479,121.72831,125.46969,123.54909,122.92327,124.25252,121.35952,123.12856,125.91899,125.19592,123.07515,123.68531,125.01585,124.91598,123.14665,123.74639,122.87800,124.28289,124.20370,123.68616,123.53698,123.44128,123.02314,122.23579,123.87733,119.58765,121.05391,122.66349,124.40028,122.30146,120.84856,122.29776,123.10544,124.98790,124.92062,122.73788,124.07920,123.38848,122.27082,122.96220,122.01299,121.43236,121.63154,122.51298,124.57947,122.69169,122.84698,123.77091,122.43846,121.75363,122.80438,121.89281,122.93922,122.85782,122.42162,122.38942,125.45772,119.72411,122.23486,121.21165,122.47200,121.70794,124.88578,122.34050,122.64209,122.75040,125.61138,123.47067,128.41167,124.10695,120.45284,122.38517,122.85937,121.63831,121.90023,122.09422,122.08469,120.37459,123.21843,123.19097,122.37169,122.82177,124.63923,121.18858,120.56189,123.45938
2025-07-24,123.05397,125.78512,122.48358,123.21034,124.06877,124.95533,124.49242,123.65628,121.76178,125.41510,123.52155,122.90058,124.22780,121.33311,123.11200,125.88415,125.03600,123.08088,123.63875,124.98211,124.92684,123.03915,123.71111,122.85536,124.24915,124.18205,123.64789,123.51006,123.42194,122.95931,122.20273,123.87220,119.58436,121.02808,122.66083,124.39827,122.27543,120.83580,122.29109,123.11245,124.97308,124.91024,122.73463,124.08986,123.37267,122.26090,122.98805,122.01313,121.43345,121.62762,122.49796,124.58436,122.69327,122.84129,123.76736,122.41271,121.71651,122.77568,121.88128,122.92891,122.87566,122.43157,122.40561,125.48567,119.74966,122.25323,121.22191,122.48019,121.72200,124.89443,122.37243,122.62799,122.77146,125.62584,123.48337,128.31757,124.09516,120.45763,122.41412,122.87293,121.63837,121.91208,122.12064,122.08763,120.36302,123.21514,123.22566,122.39018,122.82802,124.61235,121.19745,120.55795,123.44796
2025-07-25,123.04338,125.77096,122.44362,123.19982,124.02115,124.91280,124.45361,123.68778,121.79526,125.36051,123.49401,122.87789,124.20307,121.30670,123.09544,125.84932,124.87607,123.08661,123.59219,124.94837,124.93770,122.93165,123.67583,122.83272,124.21541,124.16040,123.60962,123.48314,123.40259,122.89549,122.16968,123.86706,119.58108,121.00225,122.65817,124.39627,122.24941,120.82303,122.28442,123.11946,124.95826,124.89985,122.73137,124.10051,123.35686,122.25098,123.01389,122.01327,121.43454,121.62371,122.48294,124.58925,122.69485,122.83560,123.76381,122.38696,121.67939,122.74698,121.86976,122.91859,122.89350,122.44153,122.42180,125.51362,119.77521,122.27160,121.23217,122.48838,121.73606,124.90309,122.40436,122.61388,122.79252,125.64029,123.49606,128.22346,124.08336,120.46241,122.44307,122.88648,121.63842,121.92394,122.14705,122.09056,120.35144,123.21185,123.26036,122.40867,122.83426,124.58547,121.20632,120.55402,123.43654
2025-07-26,123.03280,125.75680,122.40366,123.18930,123.97352,124.87027,124.41480,123.71927,121.82874,125.30592,123.46647,122.85520,124.17834,121.28028,123.07888,125.81449,124.71615,123.09235,123.54563,124.91464,124.94855,122.82414,123.64055,122.81008,124.18166,124.13876,123.57135,123.45622,123.38325,122.83166,122.13663,123.86192,119.57780,120.97642,122.65551,124.39427,122.22338,120.81027,122.27774,123.12647,124.94344,124.88947,122.72812,124.11116,123.34105,122.24106,123.03973,122.01341,121.43562,121.61980,122.46792,124.59415,122.69643,122.82991,123.76025,122.36121,121.64226,122.71828,121.85824,122.90828,122.91133,122.45149,122.43799,125.54157,119.80075,122.28996,121.24244,122.49657,121.75012,124.91175,122.43630,122.59977,122.81357,125.65475,123.50876,128.12935,124.07156,120.46720,122.47203,122.90004,121.63847,121.93579,122.17347,122.09350,120.33987,123.20856,123.29506,122.42716,122.84050,124.55858,121.21519,120.55008,123.42512
2025-07-27,123.02221,125.74265,122.36370,123.17878,123.92589,124.82775,124.37599,123.75077,121.86221,125.25132,123.43892,122.83251,124.15362,121.25387,123.06232,125.77966,124.55623,123.09808,123.49907,124.88090,124.95941,122.71664,123.60527,122.78744,124.14792,124.11711,123.53308,123.42929,123.36391,122.76783,122.10358,123.85679,119.57452,120.95060,122.65285,124.39227,122.19735,120.79751,122.27107,123.13348,124.92862,124.87908,122.72486,124.12181,123.32524,122.23114,123.06557,122.01355,121.43671,121.61589,122.45290,124.59904,122.69801,122.82422,123.75670,122.33546,121.60514,122.68958,121.84671,122.89797,122.92917,122.46145,122.45419,125.56952,119.82630,122.30833,121.25270,122.50477,121.76419,124.92040,122.46823,122.58567,122.83463,125.66921,123.52146,128.03524,124.05977,120.47199,122.50098,122.91359,121.63852,121.94764,122.19988,122.09643,120.32830,123.20527,123.32975,122.44565,122.84675,124.53170,121.22405,120.54615,123.41370
2025-07-28,123.01163,125.72849,122.32373,123.16826,123.87827,124.78522,124.33718,123.78226,121.89569,125.19673,123.41138,122.80982,124.12889,121.22746,123.04576,125.74483,124.39630,123.10382,123.45251,124.84717,124.97027,122.60914,123.56999,122.76480,124.11418,124.09546,123.49481,123.40237,123.34456,122.70400,122.07053,123.85165,119.57123,120.92477,122.65019,124.39027,122.17133,120.78475,122.26439,123.14048,124.91380,124.86870,122.72160,124.13247,123.30943,122.22122,123.09141,122.01369,121.43780,121.61197,122.43788,124.60393,122.69959,122.81853,123.75314,122.30971,121.56802,122.66089,121.83519,122.88766,122.94701,122.47140,122.47038,125.59746,119.85185,122.32670,121.26296,122.51296,121.77825,124.92906,122.50017,122.57156,122.85569,125.68367,123.53415,127.94114,124.04797,120.47677,122.52993,122.92715,121.63857,121.95950,122.22629,122.09937,120.31672,123.20198,123.36445,122.46414,122.85299,124.50482,121.23292,120.54221,123.40227
2025-07-29,123.00104,125.71433,122.28377,123.15774,123.83064,124.74270,124.29837,123.81375,121.92916,125.14214,123.38384,122.78712,124.10417,121.20105,123.02920,125.70999,124.23638,123.10955,123.40596,124.81343,124.98112,122.50163,123.53472,122.74216,124.08044,124.07381,123.45654,123.37545,123.32522,122.64018,122.03748,123.84651,119.56795,120.89894,122.64753,124.38826,122.14530,120.77198,122.25772,123.14749,124.89898,124.85832,122.71835,124.14312,123.29362,122.21130,123.11725,122.01383,121.43889,121.60806,122.42286,124.60882,122.70117,122.81284,123.74959,122.28396,121.53090,122.63219,121.82366,122.87735,122.96485,122.48136,122.48657,125.62541,119.87740,122.34506,121.27322,122.52115,121.79231,124.93771,122.53210,122.55746,122.87675,125.69813,123.54685,127.84703,124.03618,120.48156,122.55888,122.94070,121.63862,121.97135,122.25271,122.10230,120.30515,123.19869,123.39914,122.48263,122.85924,124.47794,121.24179,120.53828,123.39085
2025-07-30,122.99045,125.70017,122.24381,123.14723,123.78302,124.70017,124.25956,123.84525,121.96264,125.08755,123.35630,122.76443,124.07944,121.17463,123.01264,125.67516,124.07645,123.11528,123.35940,124.77969,124.99198,122.39413,123.49944,122.71953,124.04670,124.05216,123.41827,123.34853,123.30588,122.57635,122.00443,123.84138,119.56467,120.87311,122.64488,124.38626,122.11928,120.75922,122.25105,123.15450,124.88416,124.84793,122.71509,124.15377,123.27781,122.20137,123.14310,122.01398,121.43998,121.60415,122.40784,124.61372,122.70275,122.80715,123.74604,122.25821,121.49377,122.60349,121.81214,122.86703,122.98268,122.49132,122.50276,125.65336,119.90294,122.36343,121.28348,122.52935,121.80637,124.94637,122.56403,122.54335,122.89780,125.71259,123.55954,127.75292,124.02438,120.48635,122.58783,122.95426,121.63868,121.98320,122.27912,122.10524,120.29358,123.19540,123.43384,122.50112,122.86548,124.45106,121.25065,120.53435,123.37943
2025-07-31,122.97987,125.68602,122.20385,123.13671,123.73539,124.65765,124.22075,123.87674,121.99611,125.03296,123.32875,122.74174,124.05471,121.14822,122.99608,125.64033,123.91653,123.12102,123.31284,124.74596,125.00283,122.28662,123.46416,122.69689,124.01296,124.03052,123.38000,123.32161,123.28654,122.51252,121.97137,123.83624,119.56139,120.84728,122.64222,124.38426,122.09325,120.74646,122.24437,123.16151,124.86934,124.83755,122.71184,124.16442,123.26200,122.19145,123.16894,122.01412,121.44107,121.60023,122.39282,124.61861,122.70433,122.80145,123.74248,122.23245,121.45665,122.57479,121.80061,122.85672,123.00052,122.50128,122.51895,125.68131,119.92849,122.38180,121.29374,122.53754,121.82044,124.95503,122.59597,122.52924,122.91886,125.72705,123.57224,127.65881,124.01258,120.49114,122.61679,122.96781,121.63873,121.99506,122.30554,122.10817,120.28200,123.19212,123.46853,122.51960,122.87172,124.42417,121.25952,120.53041,123.36801
2025-08-01,122.96928,125.67186,122.16389,123.12619,123.68776,124.61512,124.18194,123.90824,122.02959,124.97837,123.30121,122.71905,124.02999,121.12181,122.97952,125.60550,123.75661,123.12675,123.26628,124.71222,125.01369,122.17912,123.42888,122.67425,123.97922,124.00887,123.34173,123.29468,123.26719,122.44870,121.93832,123.83110,119.55810,120.82146,122.63956,124.38226,122.06722,120.73369,122.23770,123.16851,124.85451,124.82717,122.70858,124.17508,123.24619,122.18153,123.19478,122.01426,121.44215,121.59632,122.37780,124.62350,122.70591,122.79576,123.73893,122.20670,121.41953,122.54610,121.78909,122.84641,123.01836,122.51123,122.53515,125.70926,119.95404,122.40016,121.30400,122.54573,121.83450,124.96368,122.62790,122.51514,122.93992,125.74151,123.58494,127.56471,124.00079,120.49592,122.64574,122.98137,121.63878,122.00691,122.33195,122.11111,120.27043,123.18883,123.50323,122.53809,122.87797,124.39729,121.26839,120.52648,123.35659
2025-08-02,122.95869,125.65770,122.12393,123.11567,123.64014,124.57259,124.14313,123.93973,122.06307,124.92377,123.27367,122.69636,124.00526,121.09539,122.96296,125.57067,123.59668,123.13249,123.21972,124.67849,125.02455,122.07162,123.39360,122.65161,123.94548,123.98722,123.30346,123.26776,123.24785,122.38487,121.90527,123.82597,119.55482,120.79563,122.63690,124.38026,122.04120,120.72093,122.23102,123.17552,124.83969,124.81678,122.70533,124.18573,123.23037,122.17161,123.22062,122.01440,121.44324,121.59241,122.36278,124.62839,122.70749,122.79007,123.73538,122.18095,121.38240,122.51740,121.77757,122.83610,123.03620,122.52119,122.55134,125.73720,119.97958,122.41853,121.31426,122.55392,121.84856,124.97234,122.65984,122.50103,122.96098,125.75597,123.59763,127.47060,123.98899,120.50071,122.67469,122.99492,121.63883,122.01876,122.35837,122.11404,120.25886,123.18554,123.53793,122.55658,122.88421,124.37041,121.27726,120.52254,123.34517
2025-08-03,122.94811,125.64354,122.08397,123.10515,123.59251,124.53007,124.10432,123.97122,122.09654,124.86918,123.24613,122.67367,123.98054,121.06898,122.94640,125.53583,123.43676,123.13822,123.17316,124.64475,125.03540,121.96411,123.35832,122.62897,123.91173,123.96557,123.26519,123.24084,123.22851,122.32104,121.87222,123.82083,119.55154,120.76980,122.63424,124.37826,122.01517,120.70817,122.22435,123.18253,124.82487,124.80640,122.70207,124.19638,123.21456,122.16169,123.24646,122.01454,121.44433,121.58849,122.34776,124.63329,122.70907,122.78438,123.73182,122.15520,121.34528,122.48870,121.76604,122.82579,123.05403,122.53115,122.56753,125.76515,120.00513,122.43690,121.32452,122.56212,121.86262,124.98100,122.69177,122.48693,122.98203,125.77043,123.61033,127.37649,123.97720,120.50550,122.70364,123.00848,121.63888,122.03062,122.38478,122.11698,120.24728,123.18225,123.57262,122.57507,122.89045,124.34353,121.28612,120.51861,123.33375
2025-08-04,122.93752,125.62939,122.04401,123.09463,123.54489,124.48754,124.06551,124.00272,122.13002,124.81459,123.21858,122.65098,123.95581,121.04257,122.92984,125.50100,123.27684,123.14395,123.12660,124.61101,125.04626,121.85661,123.32304,122.60633,123.87799,123.94393,123.22692,123.21392,123.20916,122.25721,121.83917,123.81570,119.54826,120.74397,122.63158,124.37625,121.98915,120.69541,122.21768,123.18954,124.81005,124.79601,122.69882,124.20704,123.19875,122.15177,123.27231,122.01468,121.44542,121.58458,122.33274,124.63818,122.71066,122.77869,123.72827,122.12945,121.30816,122.46000,121.75452,122.81547,123.07187,122.54111,122.58372,125.79310,120.03068,122.45526,121.33478,122.57031,121.87668,124.98965,122.72371,122.47282,123.00309,125.78489,123.62302,127.28238,123.96540,120.51028,122.73259,123.02203,121.63894,122.04247,122.41119,122.11991,120.23571,123.17896,123.60732,122.59356,122.89670,124.31665,121.29499,120.51467,123.32233
2025-08-05,123.28437,125.87609,122.35438,123.60888,123.79161,124.90659,124.39775,123.87412,121.99730,125.33172,123.55557,122.95249,124.31790,121.33591,123.33535,125.82124,123.84117,123.13972,123.49466,125.02011,125.38155,122.28397,123.66277,122.88017,124.27138,124.32683,123.58253,123.51309,123.53602,122.73522,122.21287,124.20651,119.82536,121.06710,122.98544,124.76815,122.30023,121.02724,122.47609,123.54291,125.27024,125.25441,123.05720,124.52208,123.58439,122.44734,123.63016,122.32248,121.74161,121.86734,122.68944,124.99446,123.01125,123.14660,124.07344,122.52059,121.54155,122.79468,122.04024,123.16739,123.53121,122.96225,122.97374,126.37748,120.40611,122.88338,121.74174,122.95538,122.24171,125.36836,123.21842,122.82006,123.55897,126.24056,123.92348,127.89664,124.28523,120.87537,123.23019,123.52388,122.00876,122.42555,122.87271,122.54179,120.42350,123.43914,124.08370,122.98193,123.29669,124.58879,121.57450,120.77853,122.91695
2025-08-06,123.41329,126.00132,122.44031,123.90780,123.86001,125.08937,124.50369,123.57545,121.72639,125.59293,123.69487,123.01832,124.47403,121.39856,123.45601,125.93873,124.19211,122.86961,123.61758,125.18935,125.49909,122.56740,123.79214,122.95859,124.43965,124.48016,123.72147,123.60072,123.64145,123.02661,122.31442,124.32408,119.92038,121.16442,123.08775,124.89229,122.40616,121.12099,122.51577,123.62999,125.42287,125.41181,123.15771,124.60620,123.69303,122.52154,123.73228,122.39751,121.80687,121.92192,122.80472,125.09005,123.09367,123.22090,124.18547,122.69086,121.61699,122.89855,122.12867,123.27082,123.73500,123.20749,123.15129,126.65453,120.63016,123.11101,121.98770,123.14174,122.41781,125.48298,123.50033,122.92576,123.90659,126.43511,123.99811,128.19289,124.39240,121.06045,123.50158,123.78393,122.13794,122.57513,123.09430,122.76382,120.42452,123.46713,124.33093,123.14756,123.49349,124.59110,121.66738,120.91239,122.88292
2025-08-07,123.31212,125.80931,122.32578,123.83021,123.68834,124.97830,124.39926,123.24694,121.40392,125.50985,123.57962,122.87059,124.33946,121.28733,123.33303,125.80828,124.12346,122.59759,123.47473,125.10064,125.29605,122.47644,123.69270,122.81597,124.34652,124.31198,123.60853,123.43952,123.46234,122.95892,122.22292,124.24168,119.81783,121.06915,122.98362,124.78169,122.32795,121.03602,122.37980,123.53618,125.36727,125.35949,123.06072,124.49567,123.60650,122.42737,123.61618,122.27385,121.73733,121.78767,122.70778,124.99510,123.00141,123.08854,124.09553,122.61264,121.40948,122.74706,122.03431,123.16166,123.60934,123.16557,123.04853,126.61636,120.52398,123.04300,121.85103,123.03932,122.32531,125.46036,123.43373,122.84525,123.89407,126.37836,123.95115,128.20902,124.26543,120.96646,123.45804,123.75481,122.09384,122.50592,123.03145,122.67940,120.30809,123.37697,124.27794,123.06640,123.40641,124.47582,121.46371,120.80263,123.28824
2025-08-08,123.30017,125.76727,122.29051,123.88890,123.64257,124.98884,124.38410,122.98725,121.17014,125.56103,123.56322,122.82330,124.32281,121.23325,123.31311,125.79839,124.19060,122.36318,123.46004,125.10211,125.26105,122.53455,123.66844,122.78079,124.35675,124.30089,123.61281,123.40252,123.41938,123.02639,122.19268,124.21535,119.77169,121.05474,122.94182,124.74188,122.31636,120.99060,122.32715,123.48374,125.36963,125.33404,123.00396,124.44774,123.57015,122.37930,123.59139,122.23469,121.69815,121.71785,122.66566,124.96258,122.97068,123.05042,124.05493,122.62389,121.34117,122.72891,121.97408,123.12912,123.64223,123.24112,123.06628,126.70000,120.57919,123.08444,121.90430,123.09019,122.35696,125.47217,123.48636,122.84479,123.99570,126.39443,123.93340,128.31391,124.22548,121.00177,123.52819,123.81717,122.10179,122.52580,123.09550,122.74819,120.26407,123.34073,124.35098,123.12087,123.42997,124.43586,121.44707,120.78440,123.19148
2025-08-09,123.27104,125.70153,122.27136,123.84160,123.60054,124.99105,124.40386,122.78816,120.98842,125.56823,123.55365,122.76000,124.29841,121.18767,123.25079,125.82691,124.09953,122.18672,123.42785,125.13353,125.18109,122.54208,123.67906,122.77941,124.35929,124.23409,123.63980,123.38732,123.38027,122.99710,122.15627,124.17973,119.71956,121.00639,122.89406,124.68365,122.31272,120.94019,122.28740,123.43081,125.36651,125.29089,122.96057,124.42740,123.55323,122.32379,123.55867,122.17176,121.67830,121.65478,122.62021,124.92841,122.93923,122.94568,124.01285,122.65801,121.16147,122.66394,121.90503,123.08306,123.60786,123.24753,123.07475,126.71177,120.56327,123.11082,121.93710,123.10293,122.37090,125.53940,123.45344,122.82764,123.86414,126.41991,123.93371,128.36260,124.15988,120.99805,123.54822,123.83763,122.11708,122.54623,123.06993,122.77693,120.24942,123.33837,124.32587,123.11509,123.41243,124.41121,121.35412,120.65560,123.31583
2025-08-10,123.41833,125.83938,122.42215,124.05202,123.75891,125.20872,124.50894,122.66033,120.89735,125.73953,123.70942,122.90342,124.47844,121.27697,123.38564,126.07351,124.36072,122.04014,123.60279,125.32684,125.38155,122.80486,123.82796,122.95711,124.50492,124.39874,123.82254,123.57507,123.57482,123.31506,122.17282,124.27674,119.83094,121.05121,123.01084,124.77800,122.43506,120.97826,122.42038,123.46725,125.46650,125.37726,123.00059,124.54360,123.68401,122.35178,123.72340,122.22972,121.75987,121.72514,122.70197,125.05584,123.07172,123.03988,124.14293,122.84912,121.40024,122.81680,121.97869,123.16365,123.80913,123.44897,123.31089,127.02412,120.81542,123.37419,122.25293,123.39160,122.60713,125.71132,123.70205,122.96068,123.97704,126.61718,124.02672,128.64398,124.33346,121.25332,123.79990,123.99082,122.25561,122.74130,123.21821,123.06871,120.34586,123.45879,124.45078,123.31501,123.59454,124.53714,121.55953,120.74656,123.22517
2025-08-11,122.97546,125.28615,121.99138,123.50477,123.30029,124.80243,124.09802,122.25630,120.44681,125.28958,123.28923,122.43644,123.94704,120.85824,122.93662,125.63111,123.67331,121.73227,123.15097,124.89607,124.81843,122.24755,123.39323,122.51963,124.06250,123.84230,123.43348,123.08266,123.05415,122.79537,121.73550,123.82351,119.40836,120.59606,122.55847,124.32041,122.06208,120.51784,121.99365,123.01152,125.09877,124.95351,122.57312,124.13180,123.25065,121.92141,123.25875,121.73127,121.36649,121.28695,122.23782,124.64784,122.70544,122.52469,123.69971,122.46812,120.84737,122.46466,121.55721,122.76103,123.34786,122.99484,122.88505,126.60547,120.32415,122.91205,121.79995,122.94358,122.16105,125.44796,123.19586,122.65528,123.47767,126.18044,123.72541,128.28392,123.82293,120.78837,123.33099,123.53283,121.94667,122.30476,122.80965,122.63858,119.99580,123.14067,123.92954,122.92385,123.15036,124.19790,121.02873,120.25108,122.72109
2025-08-12,122.60892,124.92329,121.63301,123.06950,122.95311,124.45906,123.77933,121.76946,119.95149,124.98512,122.90741,122.05969,123.58754,120.49197,122.54358,125.26784,123.25432,121.26802,122.84825,124.52754,124.47750,121.87673,123.05071,122.14174,123.69562,123.50276,123.11635,122.73591,122.71258,122.37067,121.34974,123.42276,119.03219,120.23861,122.15045,123.92412,121.67230,120.13467,121.56583,122.61194,124.71203,124.54211,122.18376,123.69704,122.90081,121.51251,122.87527,121.31679,120.94788,120.90915,121.84487,124.26931,122.31789,122.13384,123.29320,122.04007,120.50998,122.12120,121.17428,122.42246,122.93322,122.66013,122.55749,126.28818,120.01563,122.56930,121.47959,122.63605,121.83249,125.09133,122.88621,122.31611,123.16686,125.82909,123.36325,127.88484,123.42972,120.46016,122.97518,123.21156,121.60101,121.95977,122.45772,122.29773,119.65825,122.80330,123.59032,122.59886,122.79720,123.84618,120.66811,119.89197,122.47720
2025-08-13,122.57808,124.99539,121.57552,123.09070,122.93470,124.48840,123.78710,121.60067,119.79319,125.01370,122.89087,121.96424,123.55755,120.43229,122.48892,125.19251,123.18955,121.14047,122.81566,124.49554,124.45406,121.86688,123.00254,122.09385,123.68572,123.50568,123.09642,122.69078,122.65739,122.29099,121.33076,123.37796,118.99317,120.19785,122.08772,123.88324,121.62923,120.08186,121.51024,122.60833,124.73403,124.55313,122.17472,123.65372,122.88816,121.51421,122.86396,121.31507,120.89629,120.88946,121.84379,124.26312,122.28324,122.10396,123.25046,122.02186,120.45059,122.07424,121.13903,122.39574,122.92771,122.61446,122.49688,126.25721,119.96089,122.50766,121.48550,122.57253,121.79041,125.06438,122.86000,122.29526,123.20691,125.79183,123.31247,127.87538,123.39033,120.39012,122.93284,123.19717,121.50963,121.94730,122.44950,122.25635,119.59242,122.73027,123.60279,122.56428,122.77837,123.76636,120.69564,119.94756,122.62273
2025-08-14,122.52517,124.79914,121.53804,122.93130,122.82800,124.41784,123.75818,121.62280,119.77080,124.88962,122.82774,121.89201,123.41524,120.41081,122.40330,125.14919,122.94229,121.23913,122.72048,124.44097,124.22423,121.79166,122.93640,122.02687,123.61463,123.33656,123.04495,122.57605,122.55285,122.08503,121.34063,123.34674,118.93978,120.14686,122.02639,123.81181,121.64053,120.03372,121.48745,122.60645,124.75431,124.55487,122.16849,123.63405,122.85283,121.52656,122.80522,121.29391,120.93654,120.87195,121.80338,124.24001,122.27554,121.98590,123.20749,122.01646,120.22241,122.02948,121.08075,122.45150,122.90939,122.52394,122.43095,126.12016,119.81278,122.42971,121.38290,122.48486,121.71674,125.22232,122.70481,122.38148,123.10402,125.76308,123.44734,127.92762,123.27117,120.26932,122.83076,123.15249,121.58545,121.91564,122.42925,122.14940,119.62938,122.83017,123.54442,122.51835,122.72283,123.76870,120.55176,119.84971,122.65702
2025-08-15,123.18000,125.67479,122.17705,123.43207,123.55557,125.17576,124.47892,122.03768,120.23560,125.73065,123.55074,122.64356,124.29494,121.06071,123.11944,125.94077,123.74231,121.55363,123.55803,125.16478,125.17788,122.57007,123.64646,122.76616,124.34601,124.19796,123.80115,123.39529,123.41696,122.68314,121.98321,124.11779,119.61153,120.83888,122.72328,124.52352,122.23320,120.71773,122.09861,123.23194,125.41517,125.18535,122.79034,124.28504,123.48042,122.12301,123.47030,121.97354,121.48697,121.51425,122.49164,124.91635,122.87841,122.70517,123.92402,122.61822,120.79618,122.68349,121.72592,123.04556,123.51775,123.11978,123.06371,126.75575,120.42717,123.07930,122.01808,123.12212,122.35292,125.74322,123.31829,122.88286,123.74858,126.40716,123.93419,128.39753,124.06815,120.81743,123.47537,123.75950,122.05138,122.53266,122.98564,122.81987,120.07663,123.37734,124.21154,123.08869,123.32331,124.29278,121.13498,120.38305,123.54995
2025-08-16,123.59261,126.59586,122.69104,123.39469,124.23783,125.80348,125.02413,122.48289,120.66641,126.23466,124.15449,123.36711,125.09652,121.79308,123.91425,126.35845,124.07142,121.65001,124.10128,125.50958,126.24788,123.08959,124.14499,123.33495,124.76860,124.80730,124.41031,124.15733,124.21127,122.65090,122.57466,125.01620,120.51597,121.41752,123.49907,125.25814,122.64391,121.47508,122.77432,123.86808,126.02854,125.71127,123.43487,125.00652,123.92293,122.74132,124.20067,122.87713,121.93689,122.28066,123.33471,125.63182,123.59067,123.39108,124.72639,123.05627,120.95192,123.28892,122.39947,123.19367,123.49548,123.11835,123.21887,126.80083,120.49798,123.14160,121.90284,123.05953,122.48872,125.82881,123.12058,122.86812,123.67726,126.37105,123.97519,128.15203,124.83684,120.69947,123.40163,123.65536,121.85373,122.60931,122.87989,122.90576,120.14798,123.56673,124.34268,123.15223,123.45886,124.50082,121.28463,120.64482,125.15088
2025-08-17,123.55300,126.31632,122.55876,123.37641,123.94636,125.51589,124.81498,122.58301,120.66990,126.00095,123.99925,123.10428,124.78909,121.74575,123.81785,126.14153,124.08219,121.84593,123.90656,125.29092,125.96539,122.55922,123.90158,123.09456,124.65501,124.58643,124.18917,123.89860,123.95063,122.65081,122.50441,124.87743,120.40875,121.26402,123.46408,125.19501,122.59233,121.43463,122.84653,123.92009,125.96807,125.60201,123.38928,124.99493,123.85227,122.72135,124.08549,122.88275,122.01854,122.28262,123.19746,125.67402,123.59123,123.32291,124.63566,122.96650,121.04728,123.13806,122.36091,123.32771,123.53419,123.27149,123.28652,126.80726,120.57726,123.18002,121.86060,123.11470,122.55264,126.16603,123.04652,123.10439,123.75888,126.46232,124.27815,128.43816,124.59553,120.74727,123.48269,123.74467,122.10413,122.79739,123.06483,123.01135,120.29066,123.73697,124.39069,123.23063,123.46136,124.58693,121.29081,120.60235,124.76839
2025-08-18,123.30546,125.90396,122.28380,123.13399,123.65221,125.34534,124.60082,122.34304,120.37313,125.76254,123.75908,122.78237,124.54744,121.50090,123.50646,125.95494,123.70230,121.69979,123.65770,125.11074,125.54000,121.63986,123.68400,122.85589,124.49378,124.32019,123.99170,123.63017,123.63506,122.37237,122.29048,124.63117,120.10334,120.96050,123.15483,124.92840,122.37133,121.15129,122.61424,123.70830,125.81534,125.44871,123.18428,124.74261,123.67342,122.50321,123.81295,122.61958,121.81246,122.01190,122.89394,125.46455,123.38294,122.99005,124.33919,122.75750,120.71811,122.87972,122.09999,123.15871,123.29325,123.05146,123.06079,126.53476,120.33363,122.92647,121.56618,122.85684,122.30671,126.14333,122.78053,123.01563,123.56025,126.24528,124.23244,128.50882,124.25535,120.53785,123.26477,123.59503,121.99853,122.61543,122.96175,122.77941,120.12578,123.62476,124.11770,122.97536,123.18049,124.34489,120.90581,120.30047,124.09716
2025-08-19,123.24732,125.80834,122.22570,122.98841,123.55914,125.25464,124.57969,122.24068,120.29507,125.69375,123.72318,122.78419,124.45049,121.42743,123.41842,125.87754,123.65562,121.67030,123.58171,125.03580,125.46594,121.79050,123.57574,122.79447,124.42557,124.21814,123.93739,123.53385,123.55893,122.29109,122.20852,124.53778,120.01666,120.91521,123.05786,124.83424,122.28911,121.10656,122.51591,123.63452,125.70221,125.31803,123.08664,124.59814,123.57333,122.41795,123.71168,122.47497,121.73838,121.96380,122.77257,125.36800,123.27765,122.89882,124.26039,122.67246,120.69044,122.80867,122.02856,123.18249,123.33921,123.07071,123.04053,126.51079,120.23869,122.88178,121.44445,122.81742,122.27398,126.14671,122.72341,123.07599,123.51832,126.25248,124.21308,128.45092,124.16504,120.46242,123.18707,123.56575,122.01811,122.60029,122.92218,122.74384,120.10652,123.60892,124.08988,122.93701,123.15399,124.33848,120.85919,120.30784,124.16526
2025-08-20,123.25142,125.84873,122.21986,123.02865,123.53082,125.28485,124.58734,122.15048,120.24136,125.75325,123.79305,122.78262,124.47195,121.44494,123.46187,125.96861,123.71036,121.62153,123.58034,125.08022,125.50638,121.99143,123.58656,122.79999,124.49253,124.25143,123.96173,123.51438,123.53890,122.32836,122.21582,124.54924,120.03048,120.83982,123.06217,124.86053,122.24023,121.12749,122.51949,123.69591,125.74370,125.33877,123.07763,124.57086,123.56180,122.41267,123.75200,122.43140,121.70995,121.97302,122.80849,125.39187,123.30030,122.95348,124.30736,122.79642,120.74275,122.74841,122.04391,123.19482,123.31027,123.09055,123.03620,126.49361,120.18035,122.81892,121.43948,122.77509,122.29931,126.22215,122.70897,123.10878,123.53811,126.21988,124.27549,128.67196,124.23120,120.47220,123.18109,123.58837,122.04879,122.61658,122.95448,122.73544,120.11140,123.63141,124.08445,122.93432,123.13787,124.33861,120.77363,120.25894,123.30682
2025-08-21,123.26885,125.85052,122.22197,123.06502,123.55097,125.38820,124.65694,122.08002,120.17604,125.80964,123.82604,122.74558,124.50932,121.44964,123.40729,126.02737,123.63043,121.59835,123.62656,125.16953,125.44749,122.03104,123.65009,122.84884,124.59926,124.31363,124.05289,123.53958,123.57529,122.32295,122.26191,124.55281,120.01378,120.76920,122.99296,124.85134,122.25839,121.12917,122.47382,123.70830,125.77816,125.38595,123.11568,124.57761,123.59583,122.43632,123.76762,122.42259,121.72393,121.96855,122.81066,125.38436,123.28245,122.88811,124.25380,122.81674,120.60694,122.75409,122.03653,123.22172,123.35022,123.14777,123.06579,126.52593,120.25087,122.84883,121.49751,122.81564,122.34261,126.31828,122.74596,123.17075,123.62043,126.26250,124.34130,128.78964,124.17619,120.51497,123.19609,123.65374,122.07715,122.64787,123.01523,122.76990,120.12451,123.66142,124.09219,122.97375,123.18101,124.37431,120.75213,120.23327,123.18941
2025-08-22,123.13506,125.51645,122.04646,123.02528,123.35296,125.20783,124.51596,122.01967,120.09829,125.66443,123.61337,122.51010,124.19472,121.33908,123.11837,125.76327,123.31486,121.60263,123.34816,124.96556,124.96405,121.86778,123.48091,122.64876,124.42695,124.05969,123.88667,123.24925,123.29560,122.17453,122.13181,124.28094,119.74807,120.61174,122.68977,124.64292,122.17128,121.03565,122.32755,123.63028,125.60259,125.23279,122.99659,124.41225,123.44223,122.32291,123.56810,122.30448,121.66899,121.82732,122.61201,125.24727,123.13766,122.66130,124.04067,122.65741,120.43171,122.62420,121.82823,123.08375,123.26170,123.07587,122.94901,126.41768,120.18512,122.77771,121.45980,122.75174,122.26215,126.33269,122.69698,123.11831,123.58045,126.12181,124.28558,128.78344,123.79398,120.45110,123.18023,123.58835,122.06858,122.57984,122.95765,122.70582,120.05366,123.58350,124.07227,122.91113,123.13474,124.37287,120.70069,120.26498,123.69866
2025-08-23,123.15796,125.48336,122.01076,122.94161,123.29875,125.19657,124.54052,121.94791,120.02082,125.74879,123.66702,122.54817,124.25767,121.32965,123.18587,125.86886,123.45492,121.54467,123.52361,125.08261,125.02388,121.93606,123.55929,122.68161,124.49225,124.13446,123.98362,123.32429,123.38606,122.23652,122.15914,124.34057,119.73707,120.70457,122.69795,124.68063,122.19225,121.05959,122.28545,123.61871,125.58771,125.19363,122.95285,124.35780,123.39467,122.26392,123.49814,122.23130,121.58150,121.74513,122.55368,125.21651,123.07996,122.64741,124.02101,122.68548,120.43190,122.63008,121.82188,123.14031,123.32106,123.15078,123.03025,126.50771,120.26460,122.87356,121.51613,122.82046,122.32777,126.39261,122.76231,123.15697,123.66651,126.18116,124.31818,128.85540,123.85083,120.50108,123.28557,123.67674,122.13650,122.66738,122.98021,122.72473,120.05617,123.62553,124.12629,122.92539,123.12727,124.39239,120.62750,120.25513,123.50673
2025-08-24,123.09879,125.34155,121.92324,122.79944,123.19583,125.11757,124.49208,121.88157,119.93952,125.67137,123.61790,122.47724,124.15338,121.28297,123.13475,125.81780,123.33164,121.54899,123.45985,125.05452,124.89452,121.82894,123.51923,122.61142,124.45056,124.02663,123.94154,123.21946,123.28291,122.16091,122.12331,124.29802,119.66748,120.68836,122.64678,124.62628,122.13830,121.00719,122.18742,123.57709,125.54212,125.13159,122.88606,124.26468,123.30161,122.18846,123.38873,122.12461,121.44165,121.64162,122.46006,125.13134,123.01065,122.56701,123.93421,122.65412,120.32191,122.58410,121.76501,123.14850,123.29707,123.13779,122.98632,126.48824,120.22171,122.78581,121.48347,122.76283,122.27285,126.43094,122.72175,123.16300,123.67571,126.17274,124.35191,128.90277,123.75988,120.44054,123.29318,123.68086,122.18686,122.63028,122.97231,122.69231,120.03556,123.63323,124.05735,122.88508,123.04252,124.35124,120.49230,120.17352,123.27640
2025-08-25,123.11287,125.35235,121.91982,122.75937,123.19957,125.13930,124.52013,121.81908,119.88999,125.70483,123.64401,122.49880,124.19307,121.30798,123.12863,125.86285,123.30376,121.51203,123.49731,125.09535,124.93057,121.83755,123.54517,122.63185,124.49137,124.06150,123.99493,123.22708,123.30699,122.14719,122.15945,124.32882,119.68295,120.71122,122.65413,124.63702,122.13651,121.03846,122.17267,123.60340,125.56840,125.13198,122.89654,124.25282,123.31032,122.19200,123.40447,122.13484,121.41641,121.64462,122.46857,125.13962,123.01301,122.59082,123.93866,122.67647,120.29537,122.59771,121.78887,123.19438,123.33479,123.18116,123.01254,126.52273,120.24961,122.79287,121.50375,122.77900,122.30338,126.47520,122.75663,123.19487,123.75306,126.21597,124.39590,128.95270,123.77663,120.44941,123.34157,123.74320,122.23064,122.66959,123.01720,122.73486,120.04481,123.65877,124.09062,122.92086,123.05047,124.33932,120.43783,120.07703,123.06937
2025-08-26,123.13246,125.36705,121.95788,122.74348,123.21490,125.19666,124.56475,121.74603,119.84857,125.75965,123.67953,122.53674,124.22655,121.30476,123.09129,125.92677,123.28751,121.45614,123.54167,125.13380,124.96067,121.88028,123.57816,122.67298,124.52191,124.11288,124.04317,123.26394,123.35578,122.10983,122.20535,124.32669,119.70720,120.69171,122.64018,124.64207,122.14514,121.06051,122.16819,123.60139,125.56309,125.10299,122.90621,124.23507,123.33111,122.20081,123.40815,122.04732,121.38678,121.62815,122.47046,125.11865,122.99437,122.58624,123.92703,122.70243,120.27463,122.58091,121.79760,123.24103,123.38793,123.23915,123.07565,126.56311,120.28635,122.83987,121.51312,122.82167,122.35167,126.53542,122.80187,123.26745,123.82845,126.28407,124.45213,129.01504,123.79205,120.48331,123.38288,123.80934,122.30711,122.73605,123.07895,122.80633,120.07088,123.70640,124.13873,122.95170,123.08569,124.35231,120.43023,120.12792,122.89332
2025-08-27,123.13142,125.34178,121.95485,122.73736,123.23113,125.23429,124.58973,121.67659,119.78678,125.81547,123.70420,122.53794,124.25583,121.29726,123.09868,125.93982,123.27031,121.38909,123.57831,125.16915,124.97815,121.88715,123.59486,122.68757,124.56824,124.15359,124.07558,123.28957,123.37993,122.09993,122.20307,124.32461,119.69771,120.69083,122.60677,124.63336,122.14105,121.06178,122.16003,123.60350,125.54531,125.04606,122.89942,124.21884,123.32712,122.19157,123.39462,121.97295,121.30776,121.61193,122.46201,125.10841,122.97691,122.57726,123.91876,122.71752,120.24997,122.57149,121.77504,123.21961,123.37894,123.25450,123.08968,126.57071,120.31780,122.85475,121.51593,122.83902,122.37401,126.55098,122.79250,123.24264,123.81888,126.27702,124.44954,129.03882,123.79508,120.48826,123.38567,123.80055,122.27896,122.74015,123.06827,122.80227,120.06926,123.71976,124.12781,122.94931,123.07885,124.34087,120.40751,120.11007,123.02416
2025-08-28,123.19375,125.46357,121.99610,122.77740,123.31102,125.33770,124.66544,121.62172,119.75111,125.94895,123.78126,122.61194,124.37693,121.35382,123.18699,126.03942,123.37851,121.30776,123.69619,125.24806,125.10660,121.98546,123.66684,122.76174,124.67830,124.28827,124.18346,123.39751,123.50137,122.16584,122.25344,124.40449,119.74877,120.78090,122.65978,124.70790,122.17105,121.14232,122.19347,123.64334,125.59324,125.09311,122.95656,124.27052,123.38518,122.23027,123.45421,121.98047,121.28343,121.68699,122.52284,125.17332,123.01865,122.65935,123.97650,122.77339,120.29346,122.62112,121.81409,123.27473,123.43737,123.31319,123.15971,126.64903,120.41735,122.92414,121.60788,122.91040,122.46752,126.59637,122.86141,123.25134,123.90355,126.34461,124.48073,129.08079,123.88136,120.55796,123.47872,123.87756,122.30043,122.81551,123.14030,122.87197,120.08288,123.75705,124.21744,122.99616,123.13423,124.35651,120.46509,120.14423,122.98666
2025-08-29,123.10106,125.28310,121.83390,122.64442,123.17358,125.19726,124.52390,121.65294,119.65472,125.81739,123.63171,122.49269,124.20860,121.26067,123.10149,125.87943,123.25925,121.28290,123.56224,125.09864,124.93906,121.90082,123.52296,122.63826,124.51247,124.14291,124.04380,123.26070,123.36502,122.04544,122.12808,124.37504,119.64526,120.69521,122.61101,124.67665,122.12216,121.04352,122.12080,123.57148,125.53780,125.05076,122.90769,124.31693,123.31073,122.18198,123.34728,121.90457,121.24754,121.60856,122.41718,125.20582,122.97778,122.51623,123.87193,122.61818,120.16882,122.60637,121.74711,123.22970,123.39177,123.24419,123.05592,126.56785,120.34297,122.85319,121.49246,122.82063,122.34903,126.62818,122.78618,123.24478,123.84528,126.27663,124.47260,128.93672,123.73905,120.43824,123.38706,123.79811,122.25047,122.74956,123.09644,122.78867,119.99489,123.67221,124.10630,122.89373,123.04060,124.28119,120.35225,119.95644,122.75727
2025-08-30,123.13114,125.31476,121.86851,122.66962,123.20531,125.24702,124.56984,121.62974,119.63700,125.88999,123.64986,122.51937,124.24241,121.29300,123.12278,125.90685,123.29866,121.26195,123.61535,125.12782,124.97832,121.94514,123.55148,122.66782,124.54579,124.19317,124.08530,123.30005,123.40769,122.07959,122.14678,124.39957,119.65996,120.72339,122.62918,124.70187,122.15160,121.07164,122.14617,123.57145,125.54355,125.06625,122.92587,124.33096,123.33090,122.20814,123.38146,121.93061,121.25205,121.62125,122.44109,125.21754,122.97413,122.52631,123.87668,122.61964,120.20312,122.62385,121.76158,123.25571,123.43550,123.28071,123.09284,126.60116,120.39960,122.91170,121.51734,122.88171,122.38148,126.65319,122.82778,123.26717,123.87771,126.31317,124.48509,128.94969,123.76434,120.47271,123.42483,123.83945,122.28299,122.78936,123.12410,122.83182,120.02158,123.71193,124.13324,122.91402,123.07090,124.29666,120.40661,120.03133,122.96020
2025-08-31,123.16122,125.34642,121.90312,122.69481,123.23704,125.29679,124.61577,121.60653,119.61928,125.96258,123.66801,122.54605,124.27622,121.32532,123.14408,125.93426,123.33808,121.24099,123.66846,125.15700,125.01757,121.98947,123.58001,122.69738,124.57911,124.24342,124.12681,123.33941,123.45037,122.11374,122.16547,124.42409,119.67466,120.75157,122.64736,124.72710,122.18104,121.09976,122.17154,123.57143,125.54931,125.08174,122.94405,124.34499,123.35107,122.23431,123.41565,121.95666,121.25656,121.63394,122.46500,125.22926,122.97049,122.53638,123.88142,122.62109,120.23741,122.64133,121.77605,123.28172,123.47924,123.31722,123.12976,126.63447,120.45622,122.97021,121.54221,122.94279,122.41394,126.67820,122.86937,123.28956,123.91013,126.34971,124.49757,128.96266,123.78962,120.50717,123.46260,123.88079,122.31550,122.82915,123.15175,122.87497,120.04828,123.75164,124.16019,122.93430,123.10121,124.31213,120.46097,120.10622,123.16313
2025-09-01,123.19130,125.37808,121.93773,122.72001,123.26877,125.34655,124.66171,121.58333,119.60155,126.03517,123.68616,122.57273,124.31003,121.35765,123.16537,125.96168,123.37750,121.22004,123.72156,125.18618,125.05683,122.03380,123.60853,122.72694,124.61242,124.29368,124.16831,123.37876,123.49304,122.14789,122.18417,124.44862,119.68936,120.77974,122.66553,124.75232,122.21049,121.12788,122.19691,123.57140,125.55506,125.09723,122.96223,124.35902,123.37124,122.26047,123.44983,121.98271,121.26107,121.64663,122.48891,125.24097,122.96685,122.54646,123.88617,122.62255,120.27170,122.65881,121.79052,123.30773,123.52297,123.35374,123.16668,126.66777,120.51284,123.02871,121.56709,123.00386,122.44640,126.70321,122.91096,123.31195,123.94256,126.38625,124.51006,128.97563,123.81491,120.54164,123.50036,123.92214,122.34802,122.86895,123.17940,122.91812,120.07498,123.79136,124.18713,122.95458,123.13152,124.32760,120.51534,120.18111,123.36606
2025-09-02,123.21736,125.59062,122.01581,122.62838,123.33119,125.25119,124.63577,121.61234,119.68055,125.91427,123.76011,122.80715,124.39448,121.44200,123.25056,125.95596,123.63188,121.11083,123.66718,125.06007,125.35935,122.12325,123.51368,122.80889,124.58635,124.29346,124.08717,123.42609,123.51605,122.06561,122.11235,124.50110,119.81758,120.80246,122.82322,124.77729,122.14902,121.24678,122.35872,123.57645,125.53614,125.04677,122.96963,124.42000,123.39417,122.33864,123.60435,122.18385,121.33988,121.82482,122.66563,125.29051,123.05069,122.72416,124.04733,122.62114,120.36780,122.64903,121.90592,123.32131,123.48717,123.30670,123.12629,126.67461,120.36647,122.95414,121.46219,122.88328,122.43987,126.70716,122.81903,123.33286,123.85565,126.41269,124.52164,128.69132,124.00040,120.38290,123.44332,123.84312,122.39312,122.86345,123.14415,122.92178,120.09946,123.83545,124.17708,122.98029,123.15349,124.24021,120.50410,120.08878,123.90185
2025-09-03,123.26722,125.66658,122.01050,122.75059,123.32579,125.32888,124.68263,121.57898,119.64530,125.96144,123.85251,122.79523,124.40320,121.44672,123.29981,125.98912,123.74278,121.10528,123.68304,125.11228,125.42140,122.16358,123.54512,122.83494,124.64977,124.33695,124.11871,123.41514,123.53458,122.17853,122.11918,124.52536,119.85550,120.78557,122.83749,124.82737,122.14058,121.27018,122.38009,123.59223,125.60967,125.10448,122.97977,124.44451,123.38083,122.32476,123.64450,122.21844,121.34988,121.88604,122.71109,125.33092,123.07760,122.75598,124.08978,122.70731,120.43456,122.62243,121.95308,123.42578,123.57645,123.38483,123.20275,126.76301,120.45071,122.98688,121.49621,122.93290,122.51186,126.85866,122.91913,123.49412,123.97181,126.58111,124.66088,128.93124,124.07100,120.43306,123.49832,123.94621,122.50642,122.94754,123.23035,122.98591,120.15005,123.94700,124.18558,123.02903,123.19929,124.20926,120.45274,120.14505,123.94345
2025-09-04,123.39982,125.96136,122.14576,122.93470,123.45871,125.45909,124.80160,121.63597,119.77269,126.08630,124.05378,122.97546,124.53629,121.58500,123.48648,126.17904,124.00417,121.12255,123.79638,125.20983,125.69698,122.28911,123.60822,122.98730,124.76940,124.50798,124.20653,123.51314,123.67471,122.33308,122.24865,124.65062,120.06576,120.76381,123.04281,124.98993,122.23297,121.41880,122.57129,123.73630,125.72754,125.20074,123.10300,124.58956,123.49253,122.45483,123.85409,122.40824,121.42410,122.08361,122.91158,125.49013,123.24173,122.97511,124.29302,122.93705,120.59011,122.66794,122.14466,123.55080,123.68941,123.46262,123.30808,126.85327,120.42982,123.06986,121.55849,122.97630,122.61976,126.99893,123.00649,123.66050,124.03647,126.65577,124.79752,129.07177,124.32760,120.47302,123.57049,124.05388,122.61384,123.06326,123.30462,123.12184,120.23530,124.09173,124.25682,123.12078,123.31908,124.29023,120.47445,120.25874,124.35002
2025-09-05,123.69921,126.36103,122.46096,123.25690,123.74555,125.79869,125.10417,121.78906,119.97372,126.47222,124.40697,123.26886,124.87654,121.90146,123.81833,126.60883,124.31787,121.26925,124.16130,125.53529,126.08516,122.60267,123.92389,123.30407,125.14713,124.89135,124.51023,123.82154,124.02680,122.64770,122.56406,124.95197,120.36736,121.04474,123.35910,125.34349,122.51998,121.72870,122.90238,124.05420,126.08364,125.49772,123.40456,124.86242,123.82177,122.77085,124.18957,122.74747,121.69555,122.39722,123.23942,125.77482,123.51038,123.33558,124.62115,123.33597,120.80620,122.93379,122.47333,123.83451,123.98471,123.73357,123.62212,127.17224,120.65262,123.37305,121.77292,123.23158,122.92935,127.35046,123.26304,123.96298,124.31786,126.94625,125.08441,129.46247,124.69093,120.69417,123.87872,124.35773,122.85056,123.34105,123.55087,123.41939,120.45437,124.34730,124.55916,123.42302,123.61515,124.60910,120.66198,120.45347,124.30567
2025-09-06,123.67400,126.22026,122.37652,123.17972,123.68315,125.81197,125.12414,121.73495,119.87481,126.44271,124.37656,123.17091,124.81604,121.85706,123.77553,126.54940,124.14870,121.34503,124.12090,125.55366,125.96901,122.52174,123.96699,123.23998,125.13424,124.81222,124.54973,123.73012,123.91783,122.57587,122.55087,124.93824,120.31252,120.81868,123.31790,125.29237,122.47230,121.66444,122.80205,124.04596,126.08199,125.33660,123.35852,124.80507,123.74162,122.71869,124.10799,122.69502,121.60596,122.31141,123.18034,125.72957,123.47796,123.24107,124.52480,123.29500,120.70643,122.89022,122.47880,123.93082,124.10820,123.83017,123.64572,127.21760,120.67763,123.37282,121.82080,123.20876,122.87717,127.44592,123.34358,124.18150,124.52434,127.04021,125.23482,129.67569,124.58806,120.65285,123.93938,124.46875,123.01405,123.34816,123.60772,123.46538,120.48174,124.41035,124.50330,123.57145,123.64043,124.64128,120.49295,120.34838,123.61438
2025-09-07,123.62125,126.17879,122.31935,123.13612,123.66824,125.80859,125.10393,121.67234,119.79709,126.46975,124.33663,123.11634,124.78891,121.81432,123.75941,126.52179,124.10662,121.29855,124.11097,125.54788,125.91037,122.46499,123.93102,123.20506,125.11459,124.79355,124.57212,123.70918,123.89626,122.54554,122.49773,124.90298,120.22430,120.71766,123.23776,125.25084,122.46006,121.61270,122.75043,124.01198,126.05830,125.31353,123.30659,124.75979,123.74894,122.67481,124.06372,122.63606,121.53884,122.24672,123.15088,125.69541,123.45360,123.18608,124.47239,123.24520,120.64730,122.83902,122.38244,123.76801,123.94900,123.77224,123.57973,127.09113,120.67230,123.34252,121.67077,123.18851,122.83303,127.38443,123.24587,124.03026,124.36373,126.92154,125.13047,129.66500,124.51036,120.59108,123.85623,124.36065,122.85435,123.29917,123.54443,123.40109,120.43079,124.35394,124.40626,123.45524,123.55795,124.61682,120.45402,120.32132,123.75525
2025-09-08,123.42642,125.75230,122.11547,122.87869,123.39822,125.50905,124.86267,121.62540,119.71513,126.14294,124.06570,122.88232,124.46052,121.60485,123.53167,126.20944,123.77239,121.34937,123.80935,125.31324,125.51428,122.23099,123.69713,122.95972,124.83060,124.43872,124.32052,123.41810,123.58371,122.28128,122.33182,124.68736,119.99010,120.59484,123.00170,125.00600,122.30036,121.40586,122.53969,123.83213,125.87760,125.13990,123.11688,124.55560,123.57735,122.49463,123.80040,122.40349,121.41797,122.01609,122.91582,125.48487,123.25278,122.91636,124.22598,123.01401,120.39617,122.70209,122.15962,123.64968,123.79629,123.64112,123.38297,126.93714,120.49455,123.14522,121.47843,123.02789,122.62828,127.31767,123.09002,123.98357,124.24907,126.77733,125.04989,129.55730,124.19169,120.39598,123.71274,124.22414,122.81693,123.14063,123.43198,123.22913,120.33784,124.26749,124.22664,123.32701,123.40192,124.50582,120.26249,120.15245,123.97360
2025-09-09,123.36792,125.76647,122.05617,122.80293,123.38437,125.53451,124.83537,121.50690,119.59819,126.18431,124.02372,122.83508,124.46058,121.54135,123.49374,126.19112,123.75280,121.20880,123.81747,125.28203,125.53309,122.20991,123.65574,122.92870,124.81162,124.43995,124.32856,123.41478,123.65083,122.22289,122.25582,124.63077,119.91771,120.56411,122.93169,124.97218,122.23511,121.34705,122.46596,123.75428,125.79660,125.08001,123.04255,124.49258,123.54784,122.43141,123.76522,122.33892,121.33942,121.95299,122.87045,125.43070,123.19182,122.86836,124.15323,122.93906,120.35508,122.66626,122.07182,123.56172,123.71000,123.57151,123.32055,126.85641,120.47874,123.11326,121.37724,122.99611,122.59039,127.25545,123.03993,123.87369,124.16345,126.66641,124.93372,129.46658,124.14802,120.33985,123.64142,124.16720,122.70846,123.10885,123.40772,123.17686,120.25372,124.19075,124.17179,123.22401,123.33801,124.43754,120.21281,120.03446,123.42453
2025-09-10,123.35637,125.66650,122.02008,122.77818,123.33661,125.46981,124.81503,121.54198,119.62975,126.12206,124.01005,122.81997,124.39769,121.52343,123.50129,126.15006,123.70135,121.29650,123.75256,125.26926,125.45716,122.19572,123.63717,122.90250,124.78006,124.37463,124.29134,123.35174,123.60176,122.20983,122.24341,124.61614,119.91737,120.56732,122.91553,124.94496,122.23395,121.33318,122.47536,123.75882,125.79393,125.07855,123.02703,124.47824,123.53164,122.44197,123.74596,122.32091,121.34581,121.94521,122.87248,125.43548,123.20593,122.84361,124.14854,122.92269,120.34045,122.68429,122.05459,123.58650,123.70675,123.59387,123.32011,126.87633,120.46447,123.12008,121.36136,122.98761,122.58335,127.29507,123.04162,123.90494,124.14576,126.66308,124.96115,129.51758,124.10632,120.31969,123.63114,124.16104,122.74273,123.10066,123.41773,123.16884,120.27897,124.23305,124.14847,123.23445,123.33265,124.43576,120.19868,119.99818,123.31201
2025-09-11,123.40233,125.68236,122.08085,122.82519,123.44382,125.56451,124.88935,121.51542,119.61851,126.27110,124.01688,122.88358,124.46433,121.56495,123.56185,126.21666,123.77852,121.25545,123.86132,125.33211,125.46685,122.24165,123.69044,122.94051,124.85584,124.47206,124.40966,123.47118,123.69319,122.26229,122.30990,124.63635,119.89374,120.72896,122.89683,124.96469,122.28399,121.41850,122.46016,123.75511,125.79958,125.13494,123.04960,124.44980,123.55584,122.45890,123.72739,122.28216,121.32994,121.93589,122.89675,125.40876,123.18175,122.85409,124.13382,122.87376,120.39979,122.75815,122.00901,123.59804,123.71961,123.65463,123.36689,126.91994,120.56764,123.19797,121.47180,123.13280,122.68761,127.30635,123.11869,123.87739,124.22019,126.69329,124.88792,129.50579,124.10236,120.45216,123.72669,124.22016,122.69175,123.16562,123.50827,123.18675,120.32278,124.28968,124.25907,123.27230,123.41276,124.47784,120.38567,120.12544,123.57865
2025-09-12,123.77496,126.07940,122.45906,123.17681,123.85251,125.99928,125.27605,121.71097,119.85061,126.78027,124.36518,123.27036,124.92552,121.90800,123.92133,126.69838,124.20829,121.37906,124.31344,125.73531,125.89922,122.66282,124.09688,123.34541,125.28873,124.95132,124.83229,123.91436,124.18486,122.63207,122.65561,124.98511,120.21080,121.12945,123.22569,125.30897,122.63511,121.76111,122.75565,124.04039,126.13093,125.47853,123.38501,124.75509,123.91292,122.76387,124.07677,122.57974,121.64272,122.24373,123.23595,125.70478,123.46232,123.21011,124.43643,123.20643,120.72492,123.13213,122.28667,123.92670,124.11320,124.04942,123.73751,127.32205,121.03671,123.64441,121.95204,123.58331,123.12099,127.60997,123.57785,124.13876,124.63030,127.06348,125.20876,129.81504,124.50198,120.93665,124.18073,124.63802,123.04763,123.57208,123.89185,123.65512,120.64684,124.64151,124.69020,123.69795,123.84311,124.86317,120.78168,120.53238,123.84824
2025-09-13,123.81888,126.13624,122.48210,123.19743,123.90756,126.07862,125.34251,121.68275,119.83284,126.87960,124.41158,123.29905,124.98225,121.92746,123.95975,126.76961,124.22449,121.35514,124.38964,125.80501,125.97598,122.71613,124.16447,123.39523,125.35939,125.01804,124.90366,123.97631,124.25807,122.66764,122.67886,125.00400,120.22866,121.17836,123.24416,125.33214,122.66939,121.78159,122.76994,124.04812,126.16972,125.51242,123.40137,124.76714,123.92946,122.77206,124.09597,122.59426,121.67871,122.26636,123.26358,125.70931,123.46726,123.23387,124.42222,123.23233,120.74530,123.18752,122.29074,123.98727,124.16982,124.10280,123.77453,127.42959,121.11006,123.71230,122.04025,123.64321,123.17274,127.65034,123.65861,124.17798,124.74945,127.13120,125.25165,129.83697,124.54894,120.99370,124.25825,124.73245,123.11625,123.62168,123.95179,123.75220,120.68433,124.68109,124.76579,123.78971,123.91473,124.91714,120.83907,120.59615,123.79858
2025-09-14,123.59471,125.87805,122.25625,122.91670,123.69031,125.83531,125.12878,121.48883,119.62507,126.62876,124.17629,123.07379,124.74154,121.69620,123.72171,126.51310,123.95019,121.19698,124.17634,125.55961,125.72751,122.50768,123.94498,123.17508,125.10721,124.75498,124.69073,123.75002,124.02252,122.38019,122.43896,124.76315,119.99625,120.96823,123.00735,125.07974,122.46863,121.55238,122.53061,123.80588,125.93200,125.28665,123.17742,124.53341,123.68224,122.55459,123.83577,122.35940,121.47601,122.04224,123.01832,125.47135,123.23338,122.99762,124.16788,122.97579,120.52564,122.99870,122.04104,123.79621,123.96351,123.89745,123.56195,127.22070,120.94001,123.48683,121.81790,123.43566,122.94998,127.44252,123.45552,123.98768,124.54181,126.92698,125.07200,129.59672,124.28784,120.77318,124.06586,124.51169,122.96849,123.41818,123.72815,123.54285,120.50012,124.50236,124.55918,123.60693,123.70641,124.70815,120.62457,120.35752,123.51916
2025-09-15,123.58450,125.83482,122.24033,122.89416,123.66225,125.79214,125.09399,121.48210,119.63464,126.60903,124.12776,123.04395,124.70832,121.68320,123.70141,126.47249,123.91861,121.19810,124.16496,125.52935,125.68377,122.50334,123.91911,123.14893,125.07151,124.72944,124.66353,123.72016,123.99851,122.34728,122.44811,124.73999,119.97665,120.99750,122.99584,125.04966,122.47142,121.54478,122.50607,123.80172,125.92305,125.28394,123.15853,124.49809,123.66810,122.54343,123.80005,122.34889,121.47399,122.02138,123.00535,125.42791,123.19129,122.99963,124.12150,122.94622,120.51067,122.99838,122.01821,123.82598,124.00597,123.89252,123.55174,127.21856,120.94921,123.48755,121.83137,123.43033,122.94052,127.43225,123.46469,124.01813,124.57143,126.93053,125.06347,129.55560,124.25411,120.75454,124.08357,124.51638,123.00001,123.42171,123.73473,123.53577,120.48932,124.49873,124.58121,123.62096,123.70814,124.71241,120.63651,120.35480,123.65459
2025-09-16,123.37122,125.39818,122.02038,122.65491,123.34090,125.44226,124.81961,121.48601,119.59746,126.23091,123.83713,122.79042,124.33651,121.50026,123.46544,126.13383,123.57117,121.29806,123.81922,125.25161,125.25232,122.26288,123.66251,122.87497,124.74754,124.33126,124.34776,123.38128,123.62706,122.09203,122.28356,124.52633,119.77764,120.83057,122.80504,124.81370,122.33473,121.35256,122.33165,123.64968,125.74253,125.14011,122.97657,124.31400,123.47947,122.38482,123.55665,122.15507,121.36893,121.82476,122.78180,125.22545,123.01833,122.71862,123.92165,122.73402,120.25770,122.80978,121.84672,123.71712,123.82574,123.70496,123.35420,127.05560,120.70899,123.26863,121.58274,123.18906,122.70714,127.35661,123.24277,123.96391,124.38071,126.76723,124.97819,129.42611,123.92809,120.48979,123.89977,124.33504,122.94345,123.23807,123.57274,123.32353,120.38007,124.38850,124.36896,123.44768,123.49453,124.56194,120.37951,120.07423,123.55690
2025-09-17,123.71925,126.02576,122.39341,122.99717,123.79812,125.92278,125.22227,121.49584,119.69700,126.80564,124.22840,123.19938,124.90265,121.84044,123.82684,126.66727,124.09170,121.16691,124.34796,125.66175,125.90165,122.70069,124.01758,123.32883,125.21010,124.96038,124.82125,123.90395,124.21855,122.40679,122.62152,124.86452,120.09723,121.17372,123.10218,125.16449,122.59121,121.69687,122.62263,123.90474,125.97500,125.40134,123.27506,124.59177,123.79385,122.65144,123.95035,122.49268,121.59117,122.14709,123.14892,125.50932,123.26171,123.14557,124.23163,123.08368,120.58810,123.13571,122.11546,123.93671,124.06073,123.94914,123.68531,127.37585,121.13542,123.60789,121.96778,123.56338,123.11160,127.46818,123.62437,124.05885,124.72582,127.07727,125.15661,129.56632,124.41823,120.94250,124.23826,124.70662,123.11304,123.59653,123.83608,123.69646,120.56387,124.58213,124.75975,123.75322,123.84823,124.84323,120.77487,120.56045,124.17404
2025-09-18,123.60778,125.86072,122.24345,122.90538,123.66153,125.82574,125.11300,121.37866,119.55409,126.66823,124.13312,123.04303,124.71883,121.68849,123.66405,126.53730,123.96057,121.10777,124.19382,125.55580,125.71527,122.63439,123.90552,123.18411,125.06773,124.81237,124.68464,123.72054,124.03672,122.32655,122.46380,124.71203,119.96015,121.02510,122.95563,125.01798,122.47171,121.52664,122.48788,123.74236,125.87947,125.29676,123.13865,124.45227,123.66044,122.51810,123.79311,122.33083,121.47504,122.01847,123.01568,125.36043,123.14157,122.98045,124.09529,122.96590,120.47300,123.03150,121.98977,123.91670,124.07536,123.92968,123.59345,127.28400,121.03552,123.53234,121.88940,123.46649,123.00079,127.44983,123.61354,124.07015,124.69894,127.01234,125.11424,129.57887,124.26234,120.81576,124.17838,124.65839,123.08596,123.49392,123.76633,123.61895,120.50090,124.53608,124.67690,123.68011,123.75763,124.69485,120.64774,120.41543,123.97923
2025-09-19,123.58809,125.71702,122.16480,122.90069,123.55766,125.71774,125.04681,121.46356,119.52645,126.56505,124.06064,122.96871,124.56031,121.63682,123.61755,126.40494,123.96555,121.19291,124.07883,125.52281,125.53034,122.61251,123.83262,123.09445,125.02844,124.68340,124.59067,123.56897,123.92719,122.38121,122.40781,124.68259,119.89677,121.01375,122.92480,124.99654,122.44117,121.53932,122.41956,123.72798,125.89402,125.28652,123.12800,124.47083,123.61788,122.44310,123.72676,122.25277,121.47666,122.01001,122.97117,125.38129,123.09296,122.96141,124.02225,122.92074,120.43517,123.01706,121.93545,123.99846,124.16217,123.97596,123.59136,127.36895,121.04067,123.55308,121.92683,123.45147,123.01225,127.57187,123.69009,124.21330,124.78005,127.05804,125.19205,129.67446,124.15261,120.78083,124.16621,124.66511,123.19483,123.48189,123.78122,123.67403,120.51116,124.60687,124.63284,123.71488,123.78691,124.66665,120.61391,120.36270,124.03795
2025-09-20,123.67271,125.86813,122.25911,122.98174,123.68244,125.85269,125.16402,121.47413,119.55359,126.74396,124.16519,123.04830,124.70454,121.71009,123.69147,126.54166,124.06628,121.17325,124.21798,125.63404,125.67652,122.73392,123.92424,123.21259,125.13607,124.85667,124.71469,123.69287,124.06257,122.45204,122.48445,124.76656,119.97697,121.08381,122.99944,125.08796,122.51907,121.58806,122.50498,123.79105,125.95873,125.36183,123.20168,124.55169,123.68655,122.51906,123.81350,122.34360,121.53324,122.05588,123.03244,125.45828,123.15317,123.01019,124.09269,122.99899,120.50532,123.08546,122.01064,124.03017,124.19971,124.03524,123.67668,127.44279,121.14141,123.66051,122.01870,123.54687,123.09373,127.62552,123.78027,124.20175,124.86209,127.11793,125.25248,129.71126,124.26217,120.86391,124.27500,124.77024,123.22939,123.56786,123.85262,123.71810,120.56178,124.63843,124.74641,123.80295,123.86022,124.75857,120.68087,120.45261,124.28174
2025-09-21,123.64946,125.76215,122.21577,122.96261,123.62487,125.80545,125.12917,121.46156,119.53548,126.69366,124.12316,122.97996,124.62871,121.66368,123.64141,126.48312,124.01394,121.21636,124.15174,125.59820,125.58298,122.72020,123.90780,123.16009,125.08413,124.78066,124.67272,123.61973,123.98595,122.45435,122.46141,124.71952,119.93939,121.05844,122.96504,125.03613,122.50095,121.53428,122.45953,123.75103,125.95329,125.34925,123.15473,124.49489,123.64671,122.48128,123.76206,122.29662,121.52015,122.01112,122.98526,125.39531,123.10610,122.94315,124.03674,122.96151,120.46559,123.06118,121.97532,124.06798,124.22994,124.06313,123.67702,127.42628,121.12827,123.65402,122.01135,123.53316,123.08235,127.66390,123.79074,124.26646,124.89595,127.13638,125.27529,129.75540,124.19491,120.83296,124.29328,124.77840,123.27910,123.57322,123.88032,123.72774,120.58955,124.67653,124.73992,123.81404,123.86357,124.73331,120.67282,120.41936,124.33845
2025-09-22,123.80256,125.93107,122.36343,123.13719,123.77850,125.97584,125.29151,121.54492,119.63159,126.89239,124.28178,123.13433,124.80320,121.80490,123.78883,126.65728,124.20672,121.27428,124.31816,125.77368,125.75340,122.87162,124.05984,123.32672,125.27409,124.97177,124.84197,123.78572,124.16457,122.63873,122.60531,124.86569,120.07750,121.21312,123.09991,125.18633,122.63273,121.69233,122.58789,123.87735,126.08726,125.48151,123.28956,124.61571,123.79306,122.60292,123.92009,122.43234,121.65218,122.15454,123.13989,125.52420,123.22685,123.10925,124.16452,123.12541,120.60995,123.20374,122.09436,124.21159,124.31310,124.20311,123.84495,127.61260,121.32434,123.83526,122.18630,123.70309,123.27992,127.80618,123.97637,124.39870,125.08827,127.31657,125.42564,129.93037,124.36639,121.02014,124.47269,124.96513,123.44667,123.74593,124.04876,123.90131,120.71153,124.83305,124.91529,123.97232,124.03076,124.86437,120.83817,120.58073,124.32262
2025-09-23,123.99600,126.19013,122.53593,123.37428,123.99613,126.25683,125.52619,121.59370,119.71527,127.19569,124.51359,123.30257,125.05570,121.95719,123.97398,126.92034,124.44045,121.32552,124.56176,126.01341,126.00635,123.11451,124.30526,123.52726,125.52406,125.23506,125.09111,124.00531,124.39464,122.84475,122.77259,125.03157,120.24449,121.37783,123.25021,125.36354,122.79268,121.83889,122.74873,124.02257,126.27106,125.65499,123.44620,124.75582,123.95400,122.75072,124.08999,122.59859,121.78517,122.31266,123.31127,125.67128,123.37510,123.27440,124.33515,123.33544,120.77548,123.37976,122.25906,124.35756,124.41324,124.39033,124.05739,127.82871,121.56681,124.05234,122.41966,123.92933,123.50109,127.99243,124.23939,124.54734,125.35288,127.54488,125.61633,130.17005,124.58431,121.23121,124.71342,125.21939,123.63230,123.95996,124.24542,124.11310,120.88057,125.01076,125.14521,124.19552,124.24469,125.03651,120.98815,120.73192,124.45685
2025-09-24,123.97445,126.10553,122.50227,123.34669,123.94007,126.20489,125.48724,121.60573,119.73053,127.13112,124.46632,123.26670,124.99749,121.93437,123.94377,126.85971,124.39546,121.35547,124.50395,125.96383,125.92666,123.09194,124.27276,123.47285,125.47372,125.16727,125.04596,123.94925,124.33028,122.80637,122.75442,125.01242,120.21816,121.36384,123.23904,125.33278,122.78651,121.82402,122.73221,123.99987,126.26646,125.64774,123.42788,124.73011,123.92763,122.73943,124.06187,122.57894,121.76896,122.28904,123.28210,125.64683,123.35205,123.22882,124.31392,123.30555,120.73498,123.35444,122.23547,124.35972,124.41423,124.37136,124.04001,127.84280,121.54097,124.03611,122.38706,123.91614,123.48238,128.02805,124.21211,124.57262,125.33992,127.54114,125.63804,130.18698,124.53497,121.19486,124.72531,125.22183,123.67121,123.95333,124.25717,124.10344,120.88495,125.02026,125.12832,124.20052,124.22631,125.02568,120.94597,120.70534,124.51551
2025-09-25,123.95291,126.02094,122.46861,123.31910,123.88402,126.15296,125.44829,121.61775,119.74579,127.06656,124.41905,123.23083,124.93928,121.91156,123.91355,126.79907,124.35047,121.38541,124.44614,125.91425,125.84697,123.06937,124.24026,123.41843,125.42338,125.09948,125.00081,123.89319,124.26593,122.76800,122.73625,124.99327,120.19184,121.34985,123.22786,125.30203,122.78035,121.80914,122.71568,123.97717,126.26186,125.64049,123.40956,124.70440,123.90125,122.72814,124.03375,122.55929,121.75275,122.26543,123.25293,125.62237,123.32900,123.18324,124.29268,123.27565,120.69448,123.32911,122.21187,124.36189,124.41523,124.35239,124.02262,127.85689,121.51512,124.01988,122.35446,123.90296,123.46367,128.06367,124.18482,124.59791,125.32697,127.53739,125.65975,130.20390,124.48563,121.15852,124.73719,125.22427,123.71012,123.94671,124.26892,124.09377,120.88933,125.02975,125.11143,124.20552,124.20793,125.01484,120.90379,120.67876,124.57417
2025-09-26,123.91471,125.95803,122.44819,123.27048,123.84584,126.11467,125.40122,121.59021,119.68921,126.97862,124.42004,123.18299,124.84599,121.83740,123.84180,126.75506,124.27751,121.38591,124.36423,125.87467,125.76546,123.08346,124.20255,123.38889,125.35592,125.02365,124.94860,123.82882,124.21193,122.75576,122.69575,124.91967,120.15197,121.29828,123.16391,125.23780,122.73022,121.75124,122.66229,123.89868,126.23282,125.61057,123.34774,124.65531,123.87813,122.69151,123.97557,122.50594,121.70867,122.21969,123.20057,125.53933,123.27821,123.10319,124.21364,123.21346,120.63485,123.28533,122.15661,124.41641,124.47866,124.34730,124.00432,127.85740,121.47621,124.01602,122.33333,123.87026,123.43476,128.04230,124.18942,124.64276,125.32515,127.53997,125.62706,130.17595,124.42219,121.10026,124.72599,125.21751,123.70559,123.91523,124.27069,124.07733,120.85919,125.02576,125.11906,124.14673,124.19291,124.94844,120.91211,120.65417,124.46733
2025-09-27,123.86671,125.86954,122.38682,123.20809,123.77608,126.04456,125.32990,121.55072,119.61981,126.90758,124.36335,123.13744,124.78707,121.79324,123.79801,126.68243,124.26082,121.33327,124.30964,125.81583,125.71414,123.07797,124.15292,123.33687,125.29134,124.96896,124.89738,123.77094,124.15879,122.68982,122.63792,124.87608,120.08635,121.25192,123.12522,125.19201,122.67408,121.71665,122.59860,123.83700,126.16016,125.55684,123.30100,124.61482,123.83365,122.63600,123.90393,122.42947,121.65421,122.17008,123.14998,125.50412,123.23145,123.06238,124.16576,123.14702,120.59669,123.24953,122.10441,124.37452,124.41227,124.30547,123.96034,127.81498,121.44820,123.97930,122.27775,123.82973,123.39401,127.99126,124.16282,124.60847,125.29422,127.50357,125.59445,130.12155,124.37199,121.06398,124.68524,125.17113,123.67116,123.89062,124.22602,124.05718,120.81498,124.99098,125.08392,124.10678,124.16475,124.89453,120.87680,120.60330,124.47496
2025-09-28,123.89817,126.11558,122.43055,123.19615,123.74497,125.84355,125.22489,121.83135,119.86784,126.60630,124.46397,123.41627,124.75080,121.93550,123.90778,126.78454,124.40283,121.34890,124.10934,125.61539,125.91705,122.97279,123.90613,123.30880,125.16089,124.84835,124.58895,123.65994,123.93595,122.57729,122.56595,124.97669,120.28994,121.22700,123.35713,125.42125,122.66663,121.81524,123.02404,124.02450,126.36170,125.67351,123.40641,124.95445,123.99404,122.86217,124.29727,122.75308,121.81513,122.47146,123.48470,125.88583,123.48879,123.41672,124.55608,123.26376,120.68049,123.27097,122.38566,124.37002,124.25723,124.03291,123.82452,127.62016,121.02743,123.77034,121.94354,123.58583,123.26418,128.18649,123.86353,124.65951,124.95897,127.41592,125.80848,130.08959,124.61647,120.79105,124.41744,124.91808,123.70466,123.78698,124.11268,123.86773,120.81013,125.13304,124.93067,124.02037,124.09806,124.76850,120.86974,120.55450,125.70874
2025-09-29,123.82162,126.08549,122.34067,123.11858,123.67456,125.73471,125.15307,121.69439,119.74287,126.58973,124.39568,123.32332,124.70052,121.87098,123.87438,126.74093,124.41065,121.20348,124.07351,125.55390,125.89041,122.92078,123.82681,123.22075,125.09683,124.82191,124.54433,123.59526,123.88908,122.51231,122.48045,124.91889,120.21613,121.15660,123.26780,125.34877,122.56776,121.74381,122.91598,123.94640,126.27859,125.56545,123.31168,124.85396,123.88374,122.75159,124.20348,122.65391,121.68811,122.38947,123.40471,125.80478,123.40314,123.36457,124.46782,123.20015,120.58154,123.21728,122.30252,124.25360,124.17153,123.94385,123.73323,127.52415,121.00430,123.68432,121.89123,123.52989,123.19237,128.05329,123.84309,124.53865,124.94442,127.33439,125.71101,130.03771,124.54785,120.74099,124.35001,124.87595,123.60502,123.70989,124.01929,123.81068,120.70754,125.02065,124.83544,123.94186,124.01538,124.70323,120.76739,120.45427,125.60730
2025-09-30,123.83792,126.08920,122.34535,123.11492,123.68416,125.75963,125.16951,121.69470,119.74110,126.61505,124.40663,123.32256,124.71136,121.87297,123.88046,126.75603,124.41335,121.21368,124.09617,125.57568,125.89424,122.93384,123.84675,123.23419,125.11614,124.83974,124.56289,123.61062,123.90232,122.51104,122.49044,124.92501,120.21689,121.16697,123.27134,125.35491,122.57698,121.74863,122.91056,123.95178,126.28744,125.57829,123.31711,124.85507,123.89371,122.75597,124.20449,122.65599,121.69321,122.39057,123.40450,125.80743,123.39765,123.36202,124.46665,123.19789,120.57923,123.22447,122.30563,124.28973,124.20952,123.98094,123.76412,127.56205,121.03999,123.71465,121.90858,123.55728,123.22204,128.10261,123.88518,124.58530,124.99622,127.37486,125.74957,130.08348,124.55042,120.75257,124.39443,124.92158,123.64797,123.74458,124.05065,123.84664,120.73242,125.05577,124.86609,123.97321,124.04250,124.72435,120.77537,120.46839,125.61329
2025-10-01,123.85421,126.09290,122.35004,123.11126,123.69376,125.78455,125.18596,121.69501,119.73932,126.64036,124.41758,123.32181,124.72219,121.87496,123.88653,126.77113,124.41604,121.22388,124.11883,125.59745,125.89806,122.94690,123.86669,123.24762,125.13546,124.85758,124.58145,123.62597,123.91556,122.50977,122.50042,124.93112,120.21766,121.17735,123.27487,125.36106,122.58620,121.75345,122.90514,123.95716,126.29629,125.59113,123.32255,124.85619,123.90367,122.76035,124.20549,122.65807,121.69831,122.39166,123.40429,125.81009,123.39216,123.35948,124.46549,123.19563,120.57692,123.23166,122.30875,124.32586,124.24750,124.01804,123.79502,127.59996,121.07568,123.74499,121.92593,123.58467,123.25172,128.15193,123.92726,124.63194,125.04802,127.41532,125.78812,130.12925,124.55298,120.76414,124.43885,124.96721,123.69091,123.77927,124.08202,123.88260,120.75730,125.09090,124.89675,124.00457,124.06962,124.74546,120.78334,120.48251,125.61929
2025-10-02,123.87050,126.09661,122.35472,123.10760,123.70336,125.80946,125.20261,121.69532,119.73755,126.66568,124.42853,123.32105,124.73302,121.87695,123.89260,126.78624,124.41873,121.23408,124.14150,125.61923,125.90189,122.95995,123.88663,123.26106,125.15478,124.87542,124.60002,123.64132,123.92880,122.50850,122.51041,124.93724,120.21843,121.18772,123.27841,125.36721,122.59543,121.75827,122.89972,123.96254,126.30515,125.60397,123.32798,124.85731,123.91364,122.76473,124.20649,122.66015,121.70341,122.39275,123.40408,125.81275,123.38668,123.35693,124.46432,123.19337,120.57461,123.23886,122.31186,124.36199,124.28549,124.05513,123.82591,127.63786,121.11138,123.77532,121.94328,123.61206,123.28139,128.20124,123.96935,124.67858,125.09982,127.45579,125.82668,130.17502,124.55555,120.77571,124.48327,125.01283,123.73386,123.81396,124.11339,123.91856,120.78218,125.12603,124.92740,124.03593,124.09673,124.76658,120.79132,120.49662,125.62528
2025-10-03,123.88679,126.10032,122.35940,123.10394,123.71297,125.83438,125.21885,121.69563,119.73578,126.69099,124.43948,123.32029,124.74386,121.87894,123.89868,126.80134,124.42142,121.24428,124.16416,125.64100,125.90572,122.97301,123.90657,123.27450,125.17410,124.89326,124.61858,123.65667,123.94205,122.50723,122.52039,124.94335,120.21920,121.19809,123.28194,125.37336,122.60465,121.76310,122.89429,123.96792,126.31400,125.61680,123.33342,124.85843,123.92361,122.76911,124.20750,122.66223,121.70852,122.39384,123.40387,125.81541,123.38119,123.35438,124.46315,123.19111,120.57229,123.24605,122.31497,124.39812,124.32348,124.09223,123.85680,127.67576,121.14707,123.80566,121.96063,123.63944,123.31107,128.25056,124.01143,124.72523,125.15162,127.49626,125.86523,130.22079,124.55811,120.78729,124.52770,125.05846,123.77681,123.84865,124.14476,123.95452,120.80706,125.16115,124.95806,124.06728,124.12385,124.78770,120.79929,120.51074,125.63127
2025-10-04,123.90308,126.10403,122.36408,123.10028,123.72257,125.85930,125.23530,121.69593,119.73401,126.71631,124.45043,123.31954,124.75469,121.88093,123.90475,126.81645,124.42412,121.25448,124.18682,125.66278,125.90954,122.98606,123.92650,123.28794,125.19341,124.91110,124.63714,123.67203,123.95529,122.50596,122.53038,124.94947,120.21997,121.20846,123.28547,125.37950,122.61387,121.76792,122.88887,123.97330,126.32285,125.62964,123.33885,124.85955,123.93358,122.77348,124.20850,122.66430,121.71362,122.39494,123.40366,125.81807,123.37570,123.35183,124.46199,123.18885,120.56998,123.25324,122.31809,124.43425,124.36146,124.12933,123.88770,127.71367,121.18276,123.83600,121.97799,123.66683,123.34074,128.29988,124.05351,124.77187,125.20342,127.53673,125.90379,130.26656,124.56067,120.79886,124.57212,125.10409,123.81976,123.88334,124.17612,123.99048,120.83194,125.19628,124.98871,124.09864,124.15097,124.80881,120.80727,120.52486,125.63726
2025-10-05,123.91938,126.10774,122.36876,123.09662,123.73217,125.88422,125.25174,121.69624,119.73223,126.74162,124.46138,123.31878,124.76553,121.88292,123.91082,126.83155,124.42681,121.26468,124.20948,125.68455,125.91337,122.99912,123.94644,123.30138,125.21273,124.92893,124.65570,123.68738,123.96853,122.50469,122.54037,124.95558,120.22074,121.21883,123.28901,125.38565,122.62309,121.77274,122.88345,123.97868,126.33170,125.64248,123.34429,124.86066,123.94355,122.77786,124.20951,122.66638,121.71872,122.39603,123.40345,125.82073,123.37022,123.34928,124.46082,123.18659,120.56767,123.26044,122.32120,124.47037,124.39945,124.16642,123.91859,127.75157,121.21845,123.86633,121.99534,123.69422,123.37042,128.34920,124.09560,124.81851,125.25522,127.57720,125.94234,130.31233,124.56324,120.81044,124.61654,125.14972,123.86271,123.91803,124.20749,124.02644,120.85682,125.23141,125.01937,124.12999,124.17809,124.82993,120.81525,120.53898,125.64326
2025-10-06,123.93567,126.11145,122.37344,123.09295,123.74178,125.90913,125.26819,121.69655,119.73046,126.76694,124.47234,123.31802,124.77636,121.88490,123.91690,126.84666,124.42950,121.27488,124.23215,125.70633,125.91720,123.01218,123.96638,123.31482,125.23205,124.94677,124.67426,123.70273,123.98178,122.50341,122.55035,124.96170,120.22151,121.22920,123.29254,125.39180,122.63232,121.77757,122.87803,123.98406,126.34055,125.65532,123.34972,124.86178,123.95352,122.78224,124.21051,122.66846,121.72382,122.39712,123.40324,125.82338,123.36473,123.34674,124.45966,123.18433,120.56535,123.26763,122.32432,124.50650,124.43743,124.20352,123.94949,127.78948,121.25414,123.89667,122.01269,123.72161,123.40009,128.39852,124.13768,124.86515,125.30701,127.61767,125.98090,130.35810,124.56580,120.82201,124.66096,125.19535,123.90566,123.95272,124.23886,124.06240,120.88170,125.26653,125.05002,124.16135,124.20521,124.85104,120.82322,120.55310,125.64925
2025-10-07,123.95196,126.11516,122.37813,123.08929,123.75138,125.93405,125.28463,121.69686,119.72869,126.79225,124.48329,123.31726,124.78720,121.88689,123.92297,126.86176,124.43219,121.28508,124.25481,125.72810,125.92102,123.02523,123.98632,123.32826,125.25137,124.96461,124.69283,123.71808,123.99502,122.50214,122.56034,124.96781,120.22228,121.23958,123.29608,125.39794,122.64154,121.78239,122.87261,123.98944,126.34941,125.66816,123.35516,124.86290,123.96348,122.78662,124.21151,122.67054,121.72892,122.39821,123.40303,125.82604,123.35924,123.34419,124.45849,123.18207,120.56304,123.27482,122.32743,124.54263,124.47542,124.24061,123.98038,127.82738,121.28984,123.92700,122.03004,123.74900,123.42977,128.44784,124.17977,124.91180,125.35881,127.65813,126.01945,130.40387,124.56837,120.83358,124.70538,125.24098,123.94861,123.98741,124.27022,124.09836,120.90658,125.30166,125.08067,124.19270,124.23233,124.87216,120.83120,120.56722,125.65524
2025-10-08,123.96825,126.11886,122.38281,123.08563,123.76098,125.95897,125.30108,121.69717,119.72692,126.81756,124.49424,123.31651,124.79803,121.88888,123.92904,126.87686,124.43489,121.29528,124.27747,125.74988,125.92485,123.03829,124.00626,123.34170,125.27068,124.98245,124.71139,123.73344,124.00826,122.50087,122.57032,124.97392,120.22305,121.24995,123.29961,125.40409,122.65076,121.78721,122.86719,123.99482,126.35826,125.68100,123.36059,124.86402,123.97345,122.79099,124.21252,122.67262,121.73402,122.39931,123.40282,125.82870,123.35375,123.34164,124.45733,123.17981,120.56073,123.28202,122.33054,124.57876,124.51340,124.27771,124.01127,127.86529,121.32553,123.95734,122.04739,123.77639,123.45944,128.49716,124.22185,124.95844,125.41061,127.69860,126.05801,130.44964,124.57093,120.84516,124.74980,125.28661,123.99156,124.02210,124.30159,124.13432,120.93146,125.33678,125.11133,124.22406,124.25945,124.89328,120.83918,120.58134,125.66123
2025-10-09,123.98454,126.12257,122.38749,123.08197,123.77058,125.98388,125.31752,121.69748,119.72514,126.84288,124.50519,123.31575,124.80887,121.89087,123.93511,126.89197,124.43758,121.30548,124.30014,125.77165,125.92867,123.05134,124.02620,123.35513,125.29000,125.00029,124.72995,123.74879,124.02150,122.49960,122.58031,124.98004,120.22382,121.26032,123.30314,125.41024,122.65998,121.79203,122.86176,124.00020,126.36711,125.69384,123.36603,124.86513,123.98342,122.79537,124.21352,122.67470,121.73912,122.40040,123.40262,125.83136,123.34827,123.33909,124.45616,123.17755,120.55842,123.28921,122.33366,124.61489,124.55139,124.31481,124.04217,127.90319,121.36122,123.98767,122.06474,123.80378,123.48912,128.54648,124.26393,125.00508,125.46241,127.73907,126.09656,130.49541,124.57349,120.85673,124.79422,125.33223,124.03450,124.05679,124.33296,124.17028,120.95634,125.37191,125.14198,124.25542,124.28657,124.91439,120.84715,120.59546,125.66723
2025-10-10,124.00083,126.12628,122.39217,123.07831,123.78019,126.00880,125.33397,121.69779,119.72337,126.86819,124.51614,123.31499,124.81970,121.89286,123.94119,126.90707,124.44027,121.31567,124.32280,125.79343,125.93250,123.06440,124.04614,123.36857,125.30932,125.01812,124.74851,123.76414,124.03475,122.49833,122.59029,124.98615,120.22459,121.27069,123.30668,125.41639,122.66921,121.79686,122.85634,124.00558,126.37596,125.70668,123.37146,124.86625,123.99339,122.79975,124.21453,122.67678,121.74422,122.40149,123.40241,125.83402,123.34278,123.33654,124.45499,123.17529,120.55610,123.29640,122.33677,124.65102,124.58938,124.35190,124.07306,127.94109,121.39691,124.01801,122.08210,123.83117,123.51879,128.59580,124.30602,125.05172,125.51421,127.77954,126.13512,130.54118,124.57606,120.86830,124.83864,125.37786,124.07745,124.09148,124.36433,124.20624,120.98122,125.40704,125.17264,124.28677,124.31369,124.93551,120.85513,120.60958,125.67322
2025-10-11,124.01713,126.12999,122.39685,123.07465,123.78979,126.03372,125.35042,121.69810,119.72160,126.89351,124.52709,123.31424,124.83054,121.89485,123.94726,126.92218,124.44296,121.32587,124.34546,125.81520,125.93633,123.07746,124.06607,123.38201,125.32864,125.03596,124.76708,123.77949,124.04799,122.49706,122.60028,124.99227,120.22536,121.28106,123.31021,125.42253,122.67843,121.80168,122.85092,124.01096,126.38482,125.71952,123.37690,124.86737,124.00336,122.80413,124.21553,122.67885,121.74932,122.40258,123.40220,125.83668,123.33729,123.33400,124.45383,123.17303,120.55379,123.30360,122.33988,124.68715,124.62736,124.38900,124.10396,127.97900,121.43261,124.04834,122.09945,123.85856,123.54847,128.64511,124.34810,125.09837,125.56601,127.82001,126.17367,130.58695,124.57862,120.87988,124.88307,125.42349,124.12040,124.12617,124.39569,124.24220,121.00610,125.44216,125.20329,124.31813,124.34081,124.95663,120.86310,120.62370,125.67921
2025-10-12,124.03342,126.13370,122.40153,123.07099,123.79939,126.05864,125.36686,121.69841,119.71983,126.91882,124.53804,123.31348,124.84137,121.89684,123.95333,126.93728,124.44566,121.33607,124.36813,125.83698,125.94015,123.09051,124.08601,123.39545,125.34796,125.05380,124.78564,123.79485,124.06123,122.49579,122.61026,124.99838,120.22612,121.29143,123.31374,125.42868,122.68765,121.80650,122.84550,124.01634,126.39367,125.73236,123.38233,124.86849,124.01333,122.80850,124.21653,122.68093,121.75443,122.40368,123.40199,125.83933,123.33180,123.33145,124.45266,123.17077,120.55148,123.31079,122.34300,124.72328,124.66535,124.42609,124.13485,128.01690,121.46830,124.07868,122.11680,123.88595,123.57814,128.69443,124.39019,125.14501,125.61781,127.86048,126.21223,130.63272,124.58119,120.89145,124.92749,125.46912,124.16335,124.16086,124.42706,124.27816,121.03098,125.47729,125.23395,124.34948,124.36793,124.97774,120.87108,120.63782,125.68521
2025-10-13,124.04971,126.13741,122.40622,123.06733,123.80900,126.08355,125.38331,121.69871,119.71805,126.94414,124.54900,123.31272,124.85220,121.89883,123.95941,126.95239,124.44835,121.34627,124.39079,125.85875,125.94398,123.10357,124.10595,123.40889,125.36727,125.07164,124.80420,123.81020,124.07447,122.49452,122.62025,125.00450,120.22689,121.30181,123.31728,125.43483,122.69687,121.81133,122.84008,124.02172,126.40252,125.74520,123.38777,124.86961,124.02329,122.81288,124.21754,122.68301,121.75953,122.40477,123.40178,125.84199,123.32632,123.32890,124.45150,123.16851,120.54916,123.31798,122.34611,124.75941,124.70333,124.46319,124.16574,128.05481,121.50399,124.10902,122.13415,123.91334,123.60782,128.74375,124.43227,125.19165,125.66961,127.90095,126.25078,130.67848,124.58375,120.90302,124.97191,125.51475,124.20630,124.19554,124.45843,124.31411,121.05586,125.51242,125.26460,124.38084,124.39505,124.99886,120.87906,120.65194,125.69120
2025-10-14,124.06600,126.14112,122.41090,123.06366,123.81860,126.10847,125.39975,121.69902,119.71628,126.96945,124.55995,123.31197,124.86304,121.90082,123.96548,126.96749,124.45104,121.35647,124.41345,125.88053,125.94780,123.11662,124.12589,123.42233,125.38659,125.08947,124.82276,123.82555,124.08772,122.49324,122.63023,125.01061,120.22766,121.31218,123.32081,125.44097,122.70610,121.81615,122.83466,124.02710,126.41137,125.75804,123.39321,124.87072,124.03326,122.81726,124.21854,122.68509,121.76463,122.40586,123.40157,125.84465,123.32083,123.32635,124.45033,123.16625,120.54685,123.32518,122.34923,124.79553,124.74132,124.50028,124.19664,128.09271,121.53968,124.13935,122.15150,123.94073,123.63749,128.79307,124.47435,125.23830,125.72141,127.94141,126.28934,130.72425,124.58632,120.91460,125.01633,125.56038,124.24925,124.23023,124.48980,124.35007,121.08074,125.54754,125.29526,124.41220,124.42217,125.01997,120.88703,120.66606,125.69719
2025-10-15,124.08229,126.14482,122.41558,123.06000,123.82820,126.13339,125.41620,121.69933,119.71451,126.99477,124.57090,123.31121,124.87387,121.90280,123.97155,126.98259,124.45374,121.36667,124.43611,125.90230,125.95163,123.12968,124.14583,123.43577,125.40591,125.10731,124.84133,123.84090,124.10096,122.49197,122.64022,125.01673,120.22843,121.32255,123.32435,125.44712,122.71532,121.82097,122.82924,124.03248,126.42025,125.77088,123.39864,124.87184,124.04323,122.82164,124.21954,122.68717,121.76973,122.40696,123.40136,125.84731,123.31534,123.32380,124.44916,123.16399,120.54454,123.33237,122.35234,124.83166,124.77930,124.53738,124.22753,128.13062,121.57537,124.16969,122.16885,123.96812,123.66717,128.84239,124.51644,125.28494,125.77320,127.98188,126.32789,130.77002,124.58888,120.92617,125.06075,125.60600,124.29220,124.26492,124.52116,124.38603,121.10562,125.58267,125.32591,124.44355,124.44929,125.04109,120.89501,120.68018,125.70318
2025-10-16,124.09858,126.14853,122.42026,123.05634,123.83781,126.15830,125.43264,121.69964,119.71274,127.02008,124.58185,123.31045,124.88471,121.90479,123.97763,126.99770,124.45643,121.37687,124.45878,125.92408,125.95546,123.14274,124.16577,123.44921,125.42523,125.12515,124.85989,123.85626,124.11420,122.49070,122.65021,125.02284,120.22920,121.33292,123.32788,125.45327,122.72454,121.82579,122.82381,124.03786,126.42908,125.78371,123.40408,124.87296,124.05320,122.82601,124.22055,122.68925,121.77483,122.40805,123.40115,125.84997,123.30986,123.32125,124.44800,123.16173,120.54222,123.33956,122.35545,124.86779,124.81729,124.57448,124.25843,128.16852,121.61107,124.20002,122.18620,123.99551,123.69684,128.89171,124.55852,125.33158,125.82500,128.02235,126.36645,130.81579,124.59144,120.93774,125.10517,125.65163,124.33515,124.29961,124.55253,124.42199,121.13050,125.61779,125.35657,124.47491,124.47641,125.06221,120.90298,120.69430,125.70918
2025-10-17,124.11487,126.15224,122.42494,123.05268,123.84741,126.18322,125.44909,121.69995,119.71096,127.04540,124.59280,123.30970,124.89554,121.90678,123.98370,127.01280,124.45912,121.38707,124.48144,125.94585,125.95928,123.15579,124.18570,123.46264,125.44454,125.14299,124.87845,123.87161,124.12745,122.48943,122.66019,125.02896,120.22997,121.34329,123.33141,125.45942,122.73376,121.83062,122.81839,124.04324,126.43793,125.79655,123.40951,124.87408,124.06317,122.83039,124.22155,122.69133,121.77993,122.40914,123.40094,125.85263,123.30437,123.31871,124.44683,123.15947,120.53991,123.34676,122.35857,124.90392,124.85527,124.61157,124.28932,128.20643,121.64676,124.23036,122.20356,124.02290,123.72652,128.94103,124.60061,125.37822,125.87680,128.06282,126.40500,130.86156,124.59401,120.94932,125.14959,125.69726,124.37809,124.33430,124.58390,124.45795,121.15539,125.65292,125.38722,124.50626,124.50353,125.08332,120.91096,120.70842,125.71517
2025-10-18,124.13117,126.15595,122.42962,123.04902,123.85701,126.20814,125.46553,121.70026,119.70919,127.07071,124.60375,123.30894,124.90638,121.90877,123.98977,127.02791,124.46181,121.39727,124.50410,125.96763,125.96311,123.16885,124.20564,123.47608,125.46386,125.16083,124.89701,123.88696,124.14069,122.48816,122.67018,125.03507,120.23074,121.35366,123.33495,125.46556,122.74299,121.83544,122.81297,124.04862,126.44678,125.80939,123.41495,124.87519,124.07314,122.83477,124.22256,122.69340,121.78503,122.41023,123.40073,125.85528,123.29888,123.31616,124.44567,123.15721,120.53760,123.35395,122.36168,124.94005,124.89326,124.64867,124.32021,128.24433,121.68245,124.26069,122.22091,124.05029,123.75619,128.99035,124.64269,125.42487,125.92860,128.10329,126.44356,130.90733,124.59657,120.96089,125.19401,125.74289,124.42104,124.36899,124.61526,124.49391,121.18027,125.68805,125.41788,124.53762,124.53065,125.10444,120.91894,120.72254,125.72116
2025-10-19,124.14746,126.15966,122.43430,123.04536,123.86661,126.23305,125.48198,121.70057,119.70742,127.09603,124.61470,123.30818,124.91721,121.91076,123.99585,127.04301,124.46451,121.40747,124.52677,125.98940,125.96693,123.18190,124.22558,123.48952,125.48318,125.17866,124.91558,123.90231,124.15393,122.48689,122.68016,125.04118,120.23151,121.36404,123.33848,125.47171,122.75221,121.84026,122.80755,124.05400,126.45563,125.82223,123.42038,124.87631,124.08310,122.83915,124.22356,122.69548,121.79013,122.41133,123.40052,125.85794,123.29339,123.31361,124.44450,123.15495,120.53529,123.36114,122.36479,124.97618,124.93125,124.68576,124.35111,128.28223,121.71814,124.29103,122.23826,124.07768,123.78587,129.03967,124.68478,125.47151,125.98040,128.14376,126.48211,130.95310,124.59914,120.97246,125.23844,125.78852,124.46399,124.40368,124.64663,124.52987,121.20515,125.72317,125.44853,124.56898,124.55777,125.12556,120.92691,120.73666,125.72716
2025-10-20,124.16375,126.16337,122.43899,123.04170,123.87622,126.25797,125.49842,121.70088,119.70565,127.12134,124.62566,123.30743,124.92805,121.91275,124.00192,127.05812,124.46720,121.41767,124.54943,126.01118,125.97076,123.19496,124.24552,123.50296,125.50250,125.19650,124.93414,123.91767,124.16717,122.48562,122.69015,125.04730,120.23228,121.37441,123.34201,125.47786,122.76143,121.84509,122.80213,124.05938,126.46449,125.83507,123.42582,124.87743,124.09307,122.84352,124.22456,122.69756,121.79524,122.41242,123.40031,125.86060,123.28791,123.31106,124.44334,123.15269,120.53297,123.36834,122.36791,125.01231,124.96923,124.72286,124.38200,128.32014,121.75384,124.32136,122.25561,124.10507,123.81554,129.08899,124.72686,125.51815,126.03220,128.18423,126.52067,130.99887,124.60170,120.98404,125.28286,125.83415,124.50694,124.43837,124.67800,124.56583,121.23003,125.75830,125.47919,124.60033,124.58489,125.14667,120.93489,120.75078,125.73315
2025-10-21,124.18004,126.16707,122.44367,123.03804,123.88582,126.28289,125.51487,121.70118,119.70387,127.14666,124.63661,123.30667,124.93888,121.91474,124.00799,127.07322,124.46989,121.42787,124.57209,126.03295,125.97459,123.20802,124.26546,123.51640,125.52182,125.21434,124.95270,123.93302,124.18042,122.48434,122.70013,125.05341,120.23305,121.38478,123.34555,125.48400,122.77065,121.84991,122.79671,124.06476,126.47334,125.84791,123.43125,124.87855,124.10304,122.84790,124.22557,122.69964,121.80034,122.41351,123.40010,125.86326,123.28242,123.30851,124.44217,123.15043,120.53066,123.37553,122.37102,125.04844,125.00722,124.75996,124.41290,128.35804,121.78953,124.35170,122.27296,124.13246,123.84522,129.13830,124.76894,125.56480,126.08400,128.22469,126.55922,131.04464,124.60427,120.99561,125.32728,125.87977,124.54989,124.47306,124.70937,124.60179,121.25491,125.79343,125.50984,124.63169,124.61201,125.16779,120.94287,120.76490,125.73914
2025-10-22,124.19633,126.17078,122.44835,123.03437,123.89542,126.30781,125.53132,121.70149,119.70210,127.17197,124.64756,123.30591,124.94971,121.91673,124.01407,127.08832,124.47258,121.43807,124.59475,126.05473,125.97841,123.22107,124.28540,123.52984,125.54113,125.23218,124.97126,123.94837,124.19366,122.48307,122.71012,125.05953,120.23382,121.39515,123.34908,125.49015,122.77987,121.85473,122.79129,124.07014,126.48219,125.86075,123.43669,124.87966,124.11301,122.85228,124.22657,122.70172,121.80544,122.41460,123.39989,125.86592,123.27693,123.30597,124.44100,123.14817,120.52835,123.38272,122.37414,125.08456,125.04520,124.79705,124.44379,128.39595,121.82522,124.38204,122.29031,124.15985,123.87489,129.18762,124.81103,125.61144,126.13580,128.26516,126.59778,131.09041,124.60683,121.00718,125.37170,125.92540,124.59284,124.50775,124.74073,124.63775,121.27979,125.82855,125.54050,124.66304,124.63913,125.18890,120.95084,120.77902,125.74513
2025-10-23,124.21263,126.17449,122.45303,123.03071,123.90503,126.33272,125.54776,121.70180,119.70033,127.19728,124.65851,123.30516,124.96055,121.91872,124.02014,127.10343,124.47528,121.44827,124.61742,126.07650,125.98224,123.23413,124.30534,123.54328,125.56045,125.25002,124.98983,123.96372,124.20690,122.48180,122.72010,125.06564,120.23459,121.40552,123.35262,125.49630,122.78910,121.85956,122.78586,124.07552,126.49104,125.87359,123.44212,124.88078,124.12298,122.85666,124.22758,122.70380,121.81054,122.41570,123.39969,125.86858,123.27144,123.30342,124.43984,123.14591,120.52603,123.38992,122.37725,125.12069,125.08319,124.83415,124.47468,128.43385,121.86091,124.41237,122.30767,124.18724,123.90457,129.23694,124.85311,125.65808,126.18760,128.30563,126.63633,131.13618,124.60939,121.01876,125.41612,125.97103,124.63579,124.54244,124.77210,124.67371,121.30467,125.86368,125.57115,124.69440,124.66625,125.21002,120.95882,120.79314,125.75113
2025-10-24,124.22892,126.17820,122.45771,123.02705,123.91463,126.35764,125.56421,121.70211,119.69856,127.22260,124.66946,123.30440,124.97138,121.92071,124.02621,127.11853,124.47797,121.45847,124.64008,126.09828,125.98607,123.24718,124.32527,123.55671,125.57977,125.26785,125.00839,123.97908,124.22015,122.48053,122.73009,125.07176,120.23535,121.41589,123.35615,125.50245,122.79832,121.86438,122.78044,124.08090,126.49990,125.88643,123.44756,124.88190,124.13294,122.86103,124.22858,122.70588,121.81564,122.41679,123.39948,125.87123,123.26596,123.30087,124.43867,123.14365,120.52372,123.39711,122.38036,125.15682,125.12117,124.87124,124.50558,128.47176,121.89661,124.44271,122.32502,124.21462,123.93424,129.28626,124.89520,125.70472,126.23940,128.34610,126.67489,131.18195,124.61196,121.03033,125.46054,126.01666,124.67874,124.57713,124.80347,124.70967,121.32955,125.89881,125.60181,124.72576,124.69337,125.23114,120.96679,120.80726,125.75712
2025-10-25,124.24521,126.18191,122.46239,123.02339,123.92423,126.38256,125.58065,121.70242,119.69678,127.24791,124.68041,123.30364,124.98222,121.92269,124.03229,127.13364,124.48066,121.46867,124.66274,126.12005,125.98989,123.26024,124.34521,123.57015,125.59909,125.28569,125.02695,123.99443,124.23339,122.47926,122.74007,125.07787,120.23612,121.42627,123.35968,125.50859,122.80754,121.86920,122.77502,124.08628,126.50875,125.89927,123.45299,124.88302,124.14291,122.86541,124.22958,122.70795,121.82074,122.41788,123.39927,125.87389,123.26047,123.29832,124.43751,123.14139,120.52141,123.40430,122.38348,125.19295,125.15916,124.90834,124.53647,128.50966,121.93230,124.47304,122.34237,124.24201,123.96392,129.33558,124.93728,125.75137,126.29119,128.38657,126.71344,131.22772,124.61452,121.04190,125.50496,126.06229,124.72168,124.61182,124.83483,124.74563,121.35443,125.93393,125.63246,124.75711,124.72049,125.25225,120.97477,120.82138,125.76311
2025-10-26,124.26150,126.18562,122.46708,123.01973,123.93383,126.40747,125.59710,121.70273,119.69501,127.27323,124.69137,123.30289,124.99305,121.92468,124.03836,127.14874,124.48335,121.47887,124.68541,126.14183,125.99372,123.27330,124.36515,123.58359,125.61840,125.30353,125.04551,124.00978,124.24663,122.47799,122.75006,125.08399,120.23689,121.43664,123.36322,125.51474,122.81676,121.87402,122.76960,124.09166,126.51760,125.91211,123.45843,124.88414,124.15288,122.86979,124.23059,122.71003,121.82584,122.41897,123.39906,125.87655,123.25498,123.29577,124.43634,123.13913,120.51910,123.41150,122.38659,125.22908,125.19715,124.94543,124.56737,128.54756,121.96799,124.50338,122.35972,124.26940,123.99359,129.38490,124.97936,125.79801,126.34299,128.42704,126.75200,131.27349,124.61709,121.05348,125.54939,126.10792,124.76463,124.64651,124.86620,124.78159,121.37931,125.96906,125.66312,124.78847,124.74761,125.27337,120.98275,120.83550,125.76910
2025-10-27,124.27779,126.18933,122.47176,123.01607,123.94344,126.43239,125.61354,121.70304,119.69324,127.29854,124.70232,123.30213,125.00389,121.92667,124.04443,127.16384,124.48605,121.48907,124.70807,126.16360,125.99754,123.28635,124.38509,123.59703,125.63772,125.32137,125.06408,124.02513,124.25987,122.47672,122.76005,125.09010,120.23766,121.44701,123.36675,125.52089,122.82599,121.87885,122.76418,124.09704,126.52645,125.92495,123.46386,124.88525,124.16285,122.87417,124.23159,122.71211,121.83094,122.42007,123.39885,125.87921,123.24950,123.29323,124.43518,123.13687,120.51678,123.41869,122.38970,125.26521,125.23513,124.98253,124.59826,128.58547,122.00368,124.53371,122.37707,124.29679,124.02327,129.43422,125.02145,125.84465,126.39479,128.46750,126.79055,131.31926,124.61965,121.06505,125.59381,126.15355,124.80758,124.68120,124.89757,124.81755,121.40419,126.00418,125.69377,124.81982,124.77473,125.29449,120.99072,120.84962,125.77510
2025-10-28,124.29408,126.19303,122.47644,123.01241,123.95304,126.45731,125.62999,121.70335,119.69147,127.32386,124.71327,123.30137,125.01472,121.92866,124.05051,127.17895,124.48874,121.49927,124.73073,126.18538,126.00137,123.29941,124.40503,123.61047,125.65704,125.33920,125.08264,124.04049,124.27312,122.47544,122.77003,125.09622,120.23843,121.45738,123.37029,125.52703,122.83521,121.88367,122.75876,124.10242,126.53531,125.93779,123.46930,124.88637,124.17282,122.87854,124.23260,122.71419,121.83605,122.42116,123.39864,125.88187,123.24401,123.29068,124.43401,123.13461,120.51447,123.42588,122.39282,125.30134,125.27312,125.01963,124.62916,128.62337,122.03937,124.56405,122.39442,124.32418,124.05294,129.48354,125.06353,125.89130,126.44659,128.50797,126.82911,131.36503,124.62221,121.07662,125.63823,126.19917,124.85053,124.71589,124.92894,124.85351,121.42907,126.03931,125.72443,124.85118,124.80184,125.31560,120.99870,120.86374,125.78109
2025-10-29,124.31038,126.19674,122.48112,123.00874,123.96264,126.48222,125.64643,121.70366,119.68969,127.34917,124.72422,123.30062,125.02556,121.93065,124.05658,127.19405,124.49143,121.50947,124.75340,126.20715,126.00520,123.31246,124.42497,123.62391,125.67636,125.35704,125.10120,124.05584,124.28636,122.47417,122.78002,125.10233,120.23920,121.46775,123.37382,125.53318,122.84443,121.88849,122.75333,124.10780,126.54416,125.95062,123.47473,124.88749,124.18279,122.88292,124.23360,122.71627,121.84115,122.42225,123.39843,125.88453,123.23852,123.28813,124.43284,123.13235,120.51216,123.43308,122.39593,125.33747,125.31110,125.05672,124.66005,128.66128,122.07507,124.59438,122.41177,124.35157,124.08262,129.53286,125.10562,125.93794,126.49839,128.54844,126.86766,131.41080,124.62478,121.08820,125.68265,126.24480,124.89348,124.75058,124.96030,124.88947,121.45395,126.07444,125.75508,124.88254,124.82896,125.33672,121.00667,120.87785,125.78708
2025-10-30,124.41892,126.33438,122.59257,123.09612,124.07468,126.60920,125.78428,121.77338,119.77751,127.47311,124.84938,123.41482,125.15851,122.03314,124.13700,127.34820,124.57727,121.58995,124.86942,126.32635,126.12658,123.41471,124.56114,123.73717,125.79843,125.47975,125.23570,124.16644,124.40214,122.55727,122.89643,125.20843,120.34885,121.55909,123.44422,125.63002,122.93270,121.97269,122.84257,124.20846,126.62945,126.04353,123.58091,124.98558,124.27566,122.98386,124.34242,122.82292,121.94660,122.49622,123.48510,125.98120,123.33851,123.32733,124.53597,123.25825,120.57344,123.50670,122.50065,125.44409,125.41722,125.17878,124.79293,128.76141,122.18912,124.70992,122.50982,124.46316,124.21451,129.66214,125.21239,126.03732,126.60920,128.66734,126.99177,131.55170,124.73325,121.19429,125.81891,126.35599,125.02344,124.87451,125.09034,125.00573,121.55057,126.18723,125.88013,124.99469,124.93767,125.45331,121.06383,120.94350,126.06697
2025-10-31,124.48829,126.41959,122.64058,123.16701,124.14509,126.69433,125.85672,121.79702,119.81618,127.57246,124.91619,123.47421,125.23810,122.09114,124.22969,127.42995,124.64751,121.61065,124.95150,126.41353,126.20937,123.46942,124.64038,123.79250,125.89707,125.56852,125.31671,124.24007,124.47447,122.61958,122.96232,125.27119,120.39867,121.63447,123.50669,125.69390,122.99002,122.04071,122.89131,124.26953,126.68936,126.07775,123.62829,125.02683,124.34249,123.03372,124.40892,122.88354,121.98072,122.55901,123.55181,126.03425,123.39072,123.40418,124.59211,123.31734,120.61953,123.57145,122.54515,125.50757,125.49491,125.24756,124.85121,128.85546,122.26656,124.78447,122.58775,124.54442,124.28805,129.73423,125.30499,126.10929,126.71484,128.74199,127.07527,131.64124,124.80052,121.25190,125.90469,126.46894,125.08165,124.94573,125.14828,125.08807,121.61053,126.25346,125.95946,125.06798,125.00859,125.52304,121.13443,121.01718,126.26283
2025-11-01,124.49350,126.46074,122.65005,123.16181,124.16533,126.73519,125.87488,121.75810,119.79258,127.62054,124.92739,123.48019,125.27319,122.09145,124.24125,127.47022,124.66204,121.56358,125.00790,126.42225,126.24798,123.47472,124.65689,123.79601,125.92910,125.61723,125.34711,124.26944,124.50663,122.60018,122.95988,125.27704,120.40310,121.64564,123.51681,125.70827,122.98282,122.05571,122.88624,124.27129,126.69419,126.09286,123.62630,125.01988,124.35440,123.02142,124.41534,122.88653,121.96259,122.55704,123.55288,126.02371,123.37864,123.36320,124.58747,123.31859,120.61212,123.56293,122.53899,125.51801,125.51084,125.26194,124.86050,128.87843,122.29323,124.79665,122.58917,124.56770,124.30766,129.75030,125.33599,126.12926,126.76517,128.77714,127.08911,131.64885,124.82156,121.26769,125.93521,126.51284,125.09385,124.96366,125.14958,125.11797,121.61535,126.26629,125.98367,125.08056,125.02810,125.52451,121.13949,120.94468,125.79779
2025-11-02,124.48708,126.39109,122.62000,123.14316,124.13608,126.70711,125.86169,121.75267,119.77112,127.56825,124.91835,123.44368,125.22814,122.06347,124.21614,127.43283,124.65276,121.60187,124.96859,126.40313,126.19608,123.48621,124.65442,123.76498,125.90531,125.56413,125.31994,124.21997,124.44989,122.58103,122.93906,125.25694,120.37810,121.62022,123.49755,125.68051,122.96462,122.03108,122.85970,124.25448,126.70900,126.08950,123.60856,124.99295,124.33104,122.99964,124.36644,122.85528,121.94687,122.53506,123.52563,125.99872,123.36720,123.33792,124.55337,123.30338,120.58012,123.55359,122.52452,125.57290,125.56676,125.31254,124.88719,128.94410,122.32349,124.82680,122.59637,124.58729,124.31566,129.80793,125.39710,126.23304,126.86047,128.81294,127.14699,131.73488,124.78689,121.25532,125.97764,126.56842,125.15487,124.98069,125.17525,125.16026,121.65244,126.31885,126.01541,125.13554,125.05165,125.50087,121.09817,120.86644,125.50742
2025-11-03,124.57142,126.51391,122.69063,123.21754,124.23346,126.83186,125.97105,121.79371,119.82170,127.69265,125.02121,123.52512,125.33220,122.13155,124.28573,127.54541,124.72843,121.64802,125.06784,126.50135,126.30027,123.56049,124.75118,123.84837,126.01766,125.67592,125.43397,124.31781,124.55560,122.64487,123.01972,125.33640,120.45389,121.69747,123.55894,125.75936,123.02829,122.09113,122.90515,124.33463,126.77374,126.17659,123.67539,125.05715,124.40224,123.06131,124.44387,122.93565,122.00540,122.59261,123.58543,126.06666,123.43446,123.35797,124.61737,123.39165,120.61858,123.61524,122.59381,125.67149,125.67069,125.41264,124.98214,129.05378,122.42475,124.92462,122.67948,124.68264,124.41409,129.91132,125.50446,126.33505,126.98359,128.92044,127.24160,131.84800,124.87135,121.33377,126.10213,126.72472,125.26729,125.07572,125.26351,125.26248,121.72436,126.40084,126.11101,125.22671,125.14113,125.58334,121.15902,120.93106,125.47959
2025-11-04,124.82996,126.81276,122.92523,123.46947,124.49423,127.13352,126.24899,121.98091,120.02661,127.99828,125.29999,123.77253,125.60210,122.36080,124.51888,127.84523,124.98442,121.83483,125.34090,126.78566,126.57604,123.81839,125.02996,124.10001,126.31888,125.97194,125.71366,124.58215,124.83281,122.89056,123.26894,125.59702,120.69453,121.95051,123.77594,126.02905,123.25813,122.23522,123.11565,124.58178,126.99956,126.43682,123.90624,125.28888,124.64306,123.28601,124.70642,123.18212,122.22916,122.81009,123.82587,126.30743,123.66984,123.57110,124.85556,123.66347,120.81050,123.83586,122.83866,125.92925,125.95268,125.69628,125.25258,129.35466,122.70571,125.22521,122.94386,124.96138,124.69828,130.19538,125.80729,126.62100,127.29636,129.21007,127.50242,132.14808,125.14521,121.58342,126.43260,127.06013,125.55322,125.34896,125.52746,125.53591,121.95698,126.65273,126.39566,125.51467,125.41691,125.84981,121.37912,121.16254,125.70424
2025-11-05,124.70829,126.60471,122.78631,123.32756,124.34655,126.97992,126.13206,121.95302,119.97342,127.78959,125.17902,123.62166,125.41787,122.23286,124.34949,127.67457,124.80350,121.87817,125.15701,126.64245,126.36101,123.69047,124.89426,123.96199,126.14820,125.74225,125.56914,124.39991,124.63630,122.75481,123.14516,125.46532,120.57378,121.79157,123.54253,125.86825,123.14205,122.02697,123.00405,124.46763,126.90564,126.30591,123.79196,125.17391,124.50057,123.17607,124.54474,123.05150,122.11442,122.65114,123.66789,126.19194,123.55527,123.36471,124.73679,123.56513,120.63965,123.69928,122.70814,125.82632,125.85800,125.61810,125.18591,129.36094,122.61334,125.11490,122.79381,124.83085,124.58157,130.17392,125.69036,126.61324,127.18538,129.12603,127.48186,132.17775,124.96476,121.42535,126.33646,126.97767,125.54381,125.26223,125.45193,125.44661,121.89327,126.61917,126.24161,125.42998,125.30274,125.73708,121.17111,120.98422,125.75766
2025-11-06,124.58117,126.39359,122.65066,123.19497,124.21917,126.82416,126.00396,121.89447,119.89418,127.57316,125.03848,123.47345,125.24957,122.10803,124.18510,127.51081,124.63745,121.87991,124.96415,126.48291,126.16163,123.56521,124.75867,123.81239,125.96614,125.52995,125.41548,124.21701,124.44172,122.60415,123.02193,125.32270,120.43452,121.62231,123.36975,125.69232,123.02892,121.85777,122.89480,124.35846,126.79513,126.10932,123.66118,125.05345,124.35078,123.06112,124.38894,122.89585,122.01844,122.51015,123.50179,126.06592,123.43454,123.19531,124.58284,123.45637,120.49536,123.56719,122.57800,125.73476,125.75626,125.53204,125.11829,129.36866,122.53281,124.99863,122.66931,124.70355,124.47172,130.12264,125.59011,126.57618,127.07722,129.02793,127.43231,132.14678,124.79197,121.28958,126.23871,126.87606,125.50597,125.16133,125.35768,125.35834,121.81654,126.55405,126.11299,125.34227,125.19114,125.61205,120.99499,120.82016,125.59755
2025-11-07,123.81559,125.77271,122.02517,122.46493,123.45682,125.77293,125.07393,121.40828,119.49557,126.45316,124.08411,122.87723,124.37924,121.40039,123.37572,126.53382,123.87787,121.26642,124.11666,125.41647,125.47256,122.91654,123.66454,123.05674,124.94197,124.62933,124.37363,123.44649,123.64601,121.82913,122.23170,124.44719,119.74788,120.86478,122.61480,124.84677,122.27848,121.08505,122.17942,123.43696,125.86499,125.19444,122.90992,124.29096,123.58693,122.38423,123.71722,122.07014,121.28646,121.78341,122.73022,125.27178,122.57429,122.51207,123.96538,122.49295,120.14440,122.77520,121.88577,124.98835,124.89284,124.77778,124.38304,128.31402,121.74063,124.22310,121.98054,124.03053,123.74027,129.34322,124.77524,125.63862,126.05002,128.30398,126.65850,131.06895,124.01563,120.67708,125.35923,125.97438,124.69037,124.55747,124.62841,124.53870,121.26025,125.97953,125.39432,124.57084,124.56240,124.87229,120.57867,120.28073,125.77602
2025-11-08,123.05000,125.15183,121.39968,121.73489,122.69446,124.72170,124.14390,120.92209,119.09695,125.33316,123.12973,122.28101,123.50891,120.69274,122.56634,125.55683,123.11830,120.65293,123.26918,124.35003,124.78350,122.26786,122.57041,122.30109,123.91781,123.72872,123.33178,122.67598,122.85030,121.05411,121.44146,123.57169,119.06123,120.10725,121.85986,124.00122,121.52804,120.31234,121.46405,122.51546,124.93486,124.27956,122.15865,123.52847,122.82309,121.70734,123.04550,121.24444,120.55448,121.05668,121.95864,124.47765,121.71404,121.82884,123.34792,121.52954,119.79345,121.98322,121.19353,124.24193,124.02942,124.02352,123.64779,127.25938,120.94844,123.44757,121.29178,123.35752,123.00882,128.56381,123.96036,124.70105,125.02282,127.58004,125.88469,129.99112,123.23928,120.06457,124.47976,125.07269,123.87477,123.95360,123.89915,123.71906,120.70396,125.40501,124.67564,123.79941,123.93367,124.13252,120.16234,119.74131,125.95449
2025-11-09,124.58240,126.55229,122.68614,123.21643,124.03485,126.26434,125.44255,121.94391,120.02353,127.02241,124.70827,123.56029,125.08221,122.10884,124.32868,128.25037,126.66975,122.38927,124.88043,125.97459,126.41615,123.73832,124.10482,123.67411,125.53868,125.29489,124.79176,124.11360,124.28780,122.64232,122.72524,125.18290,120.53705,121.46346,123.43564,125.72410,122.79493,121.72566,122.95218,124.16300,126.63578,125.87924,123.60908,125.03296,124.26171,123.09589,124.62137,122.82380,121.88658,122.56476,123.51456,126.10459,123.27711,123.45375,124.86926,123.13645,120.98203,123.49136,122.65011,125.75062,125.54879,125.42278,125.05847,128.88683,122.50559,124.92528,122.76851,124.76546,124.51331,130.24592,125.53992,126.31293,126.82474,129.06988,127.35721,131.84611,124.89127,121.28508,126.04283,127.06253,125.32870,125.91440,125.73467,125.28262,121.87965,126.72541,126.53166,125.21372,125.32061,125.43541,121.28397,120.93916,127.02406
2025-11-10,124.61892,126.54286,122.56496,123.16351,123.98973,126.29114,125.54790,121.71566,119.79667,127.05939,124.75454,123.46624,125.12011,122.07107,124.43183,128.81385,128.47431,122.86518,125.02776,126.05097,126.47004,123.64633,124.21542,123.65314,125.56862,125.28799,124.86465,124.07597,124.21756,122.60661,122.67652,125.20793,120.45616,121.17931,123.45040,125.64551,122.67865,121.73480,122.85536,124.19382,126.59671,125.93325,123.55614,124.94793,124.16247,122.96268,124.46946,122.79204,121.80176,122.53156,123.44879,126.00343,123.26198,123.39922,124.75514,123.10707,120.97055,123.36789,122.65074,125.84493,125.73607,125.54688,125.11013,129.02342,122.62119,124.95766,122.77940,124.81972,124.50750,130.22339,125.70212,126.69664,127.24605,129.17553,127.36043,131.94980,124.88146,121.22070,126.15429,127.41907,125.54393,126.11640,125.90131,125.37242,121.86680,126.71274,126.74026,125.37690,125.31163,125.45076,121.09295,120.89186,126.43328
2025-11-11,124.66817,126.32986,122.55345,123.18055,123.98227,126.33569,125.62005,121.86927,119.90287,127.06064,124.76006,123.36756,125.03068,122.02254,124.40349,128.75277,129.96975,123.15954,124.97764,126.12157,126.23445,123.66765,124.28877,123.61687,125.58985,125.19633,124.89963,124.02653,124.15964,122.61735,122.74394,125.20356,120.38599,121.19551,123.42765,125.62362,122.79495,121.73216,122.83570,124.23071,126.70920,126.03391,123.60267,124.96004,124.19332,123.01393,124.40023,122.76345,121.86790,122.45761,123.37608,125.99872,123.25098,123.28428,124.69084,123.10086,120.84541,123.40769,122.58097,125.90094,125.82476,125.68624,125.21531,129.17710,122.72532,125.09614,122.85751,124.91604,124.57747,130.47032,125.77129,126.85524,127.32907,129.21399,127.51994,132.26649,124.75434,121.19949,126.31652,127.57789,125.59229,126.28657,126.13121,125.46431,121.99218,126.84840,126.81764,125.44144,125.35699,125.56178,121.03178,120.84932,126.43025
2025-11-12,124.89404,126.69090,122.81189,123.43372,124.26870,126.67171,125.86603,121.92958,120.00320,127.44581,125.02444,123.63326,125.36954,122.22655,124.64863,129.17180,130.28840,123.16266,125.31436,126.40703,126.58240,123.91032,124.54908,123.88726,125.88570,125.59416,125.21999,124.32820,124.50648,122.84661,122.97211,125.43141,120.59714,121.46321,123.63299,125.88169,122.96788,121.98163,123.02911,124.42818,126.91041,126.25541,123.82139,125.16008,124.43305,123.21639,124.65051,122.99000,122.02699,122.64872,123.60895,126.18949,123.44626,123.53913,124.90092,123.34517,121.05240,123.62377,122.71795,126.02634,125.95297,125.87445,125.43622,129.34226,123.00005,125.31348,123.11436,125.16616,124.86258,130.60971,125.99885,126.86109,127.50960,129.42847,127.68864,132.44373,125.07098,121.47672,126.56444,127.78248,125.63936,126.54154,126.37746,125.75247,122.15542,126.97581,127.08216,125.56491,125.60144,125.73446,121.31806,121.08822,126.29608
2025-11-13,124.75400,126.39154,122.59126,123.21424,124.05880,126.48492,125.70376,121.82483,119.86822,127.19165,124.82995,123.37290,125.10990,121.99882,124.45761,129.20307,132.02035,123.38754,125.10024,126.24880,126.24619,123.75717,124.39278,123.66800,125.68600,125.29172,125.02618,124.07192,124.23248,122.61885,122.78409,125.20989,120.37188,121.29525,123.41739,125.63904,122.81297,121.74225,122.81693,124.20221,126.77171,126.10221,123.61263,124.94684,124.23260,123.02491,124.39247,122.74471,121.86675,122.41175,123.36959,125.96233,123.24669,123.23579,124.64956,123.13545,120.77928,123.45447,122.50693,125.94322,125.85076,125.77855,125.30451,129.28043,122.87450,125.20254,122.97367,125.03320,124.68448,130.59910,125.89945,126.87809,127.47379,129.31282,127.63304,132.45493,124.77711,121.25763,126.48244,127.75197,125.63491,126.44299,126.32956,125.62987,122.07609,126.93758,127.00170,125.50138,125.45444,125.57684,121.08335,120.90905,126.54962
2025-11-14,125.00671,126.62113,122.79952,123.46199,124.29271,126.73431,125.94785,121.99434,120.04820,127.50028,125.06023,123.58583,125.36097,122.21434,124.70687,129.51839,133.10088,123.58077,125.36447,126.50579,126.48570,123.99972,124.64418,123.89344,125.96574,125.58727,125.28130,124.31764,124.48676,122.85051,123.03334,125.45154,120.58929,121.56222,123.65976,125.88416,123.03375,121.99823,123.02180,124.44805,127.02326,126.33511,123.83374,125.16503,124.45286,123.23501,124.62295,122.95861,122.06977,122.63191,123.59261,126.19429,123.44593,123.49691,124.86207,123.37484,120.97450,123.66954,122.71250,126.21915,126.14730,126.04556,125.55670,129.59899,123.15597,125.47780,123.24078,125.29729,124.94703,130.84928,126.20549,127.15748,127.80650,129.58248,127.87518,132.72105,125.02513,121.48613,126.77321,128.05774,125.89260,126.72222,126.57923,125.92309,122.30327,127.17356,127.28364,125.77134,125.72738,125.81522,121.29481,121.08858,126.57107
2025-11-15,125.01142,126.73808,122.82698,123.44758,124.35876,126.82961,125.99648,121.89657,119.96261,127.63344,125.10774,123.61874,125.46762,122.21776,124.74928,129.65970,132.80039,123.45919,125.46273,126.55752,126.61456,123.99019,124.67518,123.94658,126.02090,125.70860,125.37636,124.40663,124.58388,122.84966,123.00829,125.47267,120.60341,121.56574,123.66099,125.90800,123.02598,122.00961,123.02416,124.43363,127.00202,126.33732,123.84778,125.16586,124.46336,123.22395,124.64337,122.95375,122.03774,122.64059,123.62299,126.19240,123.45936,123.53191,124.87624,123.37790,121.00255,123.68186,122.68081,126.13965,126.06708,126.01937,125.54651,129.52239,123.19227,125.45964,123.24696,125.31337,124.96817,130.78464,126.19825,127.02440,127.76613,129.57766,127.84602,132.66548,125.09068,121.52923,126.77727,128.06355,125.84955,126.73259,126.58177,125.95754,122.26943,127.13519,127.29899,125.72217,125.74097,125.79386,121.35271,121.04967,126.35346
2025-11-16,125.03525,126.64843,122.79961,123.44013,124.33340,126.82276,126.00381,121.89446,119.95445,127.63383,125.10688,123.57062,125.42126,122.18713,124.73680,129.68958,134.18238,123.55292,125.43938,126.56568,126.53190,124.04104,124.70053,123.92156,126.01719,125.64689,125.37753,124.36607,124.53605,122.85049,122.99538,125.42957,120.56687,121.55707,123.62529,125.86040,123.02762,121.97109,122.98958,124.39417,127.01083,126.32195,123.81114,125.12219,124.44111,123.19196,124.58005,122.90132,122.02367,122.60910,123.58701,126.14782,123.43693,123.47275,124.82996,123.36441,120.95523,123.68037,122.64805,126.21255,126.13836,126.08530,125.59483,129.60459,123.26270,125.52897,123.29262,125.37093,125.01087,130.87286,126.27463,127.12874,127.86853,129.63277,127.91749,132.80679,125.03475,121.52572,126.85162,128.16146,125.94907,126.77772,126.63997,126.01684,122.33120,127.21578,127.36059,125.82377,125.79082,125.80579,121.33030,121.03895,126.46599
2025-11-17,125.26773,126.87019,123.01392,123.67293,124.55013,127.05030,126.21386,122.05497,120.12558,127.89217,125.30883,123.78703,125.64887,122.40756,124.95940,129.98855,134.79406,123.70661,125.68030,126.78708,126.75272,124.26852,124.92318,124.12898,126.24911,125.90628,125.59991,124.60334,124.79295,123.07689,123.22064,125.64811,120.76186,121.80373,123.83902,126.07729,123.24280,122.20331,123.21973,124.60690,127.22611,126.53744,124.00811,125.31283,124.65816,123.38981,124.80909,123.12154,122.22304,122.82648,123.80539,126.35399,123.62582,123.70934,125.03468,123.58025,121.16232,123.88918,122.82526,126.43883,126.36751,126.31841,125.83247,129.87457,123.55002,125.79265,123.56836,125.63847,125.27669,131.09614,126.53439,127.34011,128.13794,129.90093,128.14052,133.03235,125.26940,121.77964,127.12455,128.43278,126.17458,127.04598,126.87211,126.29087,122.54440,127.43350,127.62117,126.04969,126.04218,126.03280,121.58405,121.28550,126.66673
2025-11-18,125.11636,126.72647,122.85637,123.46940,124.41886,126.93134,126.09321,121.90631,119.96052,127.82159,125.13786,123.61800,125.50560,122.27663,124.80548,129.86416,134.98272,123.53197,125.58107,126.63729,126.61951,124.09899,124.78231,123.97554,126.09271,125.77966,125.47895,124.47046,124.67026,122.88748,123.04264,125.49763,120.59130,121.65260,123.66679,125.92555,123.12065,122.03606,123.05926,124.42593,127.04432,126.36735,123.85600,125.15254,124.49930,123.23537,124.63442,122.95257,122.06824,122.65962,123.63656,126.19826,123.47091,123.52541,124.87643,123.39808,120.98082,123.77292,122.65710,126.26076,126.15847,126.14766,125.66038,129.67449,123.40853,125.63776,123.41928,125.49700,125.11223,130.91918,126.36497,127.16924,127.99354,129.73087,127.97858,132.82802,125.09122,121.64260,126.95788,128.30234,125.99559,126.89559,126.73365,126.15173,122.38237,127.25968,127.47222,125.90196,125.88452,125.90618,121.44415,121.16419,126.57336
2025-11-19,124.75340,126.51043,122.78287,123.22978,124.07118,126.34681,125.52576,121.82431,119.99231,127.10662,124.68505,123.53099,125.14723,122.03736,124.34633,128.84476,127.18057,122.66820,125.06933,125.97995,126.33924,123.97912,124.09959,123.72357,125.55460,125.37029,124.79643,124.15993,124.35100,122.66162,122.68375,125.08082,120.38321,121.38058,123.35106,125.60245,122.83205,121.74127,122.97674,124.03313,126.66272,125.93346,123.57612,124.87955,124.23823,123.06774,124.57375,122.72596,121.79475,122.55936,123.52197,126.00340,123.10237,123.44309,124.78928,123.02413,120.92266,123.49114,122.51383,126.04850,125.79300,125.79634,125.40773,129.36169,123.07086,125.41023,123.14860,125.28057,124.85113,130.69661,125.96292,126.61198,127.43702,129.47087,127.74718,132.47988,124.87323,121.45855,126.60016,128.00992,125.60041,126.80227,126.57144,125.83824,122.31110,127.20847,127.20577,125.57846,125.83476,125.55134,121.42924,121.07918,127.96857
2025-11-20,124.96346,126.79880,122.82336,123.38514,124.18970,126.55610,125.74984,121.88384,120.02821,127.35282,125.00407,123.60426,125.32880,122.19625,124.58171,129.00911,127.76029,122.93067,125.25007,126.25866,126.70518,124.25491,124.46623,123.87700,125.83150,125.55744,125.00530,124.23751,124.43789,122.86094,122.83353,125.37451,120.56407,121.53375,123.59574,125.83642,122.86332,121.96295,123.12701,124.37424,126.99849,126.18213,123.72915,125.07135,124.34386,123.15257,124.70374,122.95236,121.92697,122.75672,123.69750,126.19827,123.31300,123.64233,124.91412,123.28873,121.08409,123.65992,122.74996,126.35010,126.23306,126.11680,125.61994,129.71732,123.27743,125.59318,123.19498,125.42993,125.04373,130.91655,126.32214,127.25721,128.00339,129.74304,127.97286,132.85042,125.17221,121.45132,126.91309,128.37528,126.04748,126.94141,126.90179,126.08693,122.40526,127.38271,127.48303,125.83141,125.90129,125.71956,121.35452,121.05572,127.61878
2025-11-21,124.93625,126.71038,122.73489,123.35978,124.13976,126.58083,125.77825,121.80449,119.91989,127.35312,124.98927,123.46163,125.26751,122.13795,124.50436,128.94711,127.94566,122.92012,125.23119,126.27922,126.57687,124.24040,124.47745,123.83541,125.85482,125.52353,125.01984,124.17881,124.41063,122.84386,122.79516,125.33442,120.48368,121.45198,123.52337,125.77548,122.81103,121.91189,122.99627,124.30861,126.96355,126.15533,123.67213,124.97602,124.27014,123.06481,124.58999,122.85397,121.87054,122.66435,123.59088,126.09612,123.23384,123.53043,124.79652,123.22553,120.97223,123.59963,122.64980,126.37305,126.28641,126.16864,125.64971,129.79140,123.33281,125.61774,123.19683,125.44586,125.08062,130.98540,126.37767,127.24759,128.09717,129.79899,128.02514,132.97290,125.05757,121.42603,126.96644,128.41799,126.12554,126.94211,126.97680,126.12113,122.40525,127.43159,127.50839,125.86360,125.87880,125.65940,121.24026,120.97802,127.49934
2025-11-22,124.83521,126.39177,122.55665,123.25116,123.92958,126.38625,125.65483,121.75701,119.82055,127.07879,124.81915,123.23611,124.99523,121.98651,124.31519,128.64666,128.14650,123.00176,125.00183,126.12522,126.21413,124.17115,124.33513,123.64438,125.66797,125.23629,124.82378,123.90690,124.16038,122.74740,122.69202,125.19781,120.31564,121.17092,123.38126,125.59884,122.69190,121.79859,122.77905,124.18769,126.84617,126.04887,123.53198,124.80602,124.10398,122.89931,124.34964,122.66484,121.77257,122.48642,123.37795,125.92678,123.06701,123.26522,124.60641,123.07299,120.81639,123.39427,122.50761,126.44338,126.36765,126.19758,125.63234,129.87420,123.31673,125.61199,123.17406,125.40972,125.04786,131.05385,126.42347,127.43248,128.22937,129.89686,128.07620,133.07430,124.79473,121.33995,126.99399,128.49848,126.39627,126.94502,126.97867,126.10813,122.41654,127.50355,127.44574,125.93584,125.85379,125.52313,121.06432,120.88676,127.52486
2025-11-23,124.96558,126.62697,122.70898,123.40042,124.13148,126.61700,125.84619,121.78304,119.87404,127.35319,124.98620,123.40172,125.22303,122.13615,124.47891,128.88462,128.24231,122.95963,125.23857,126.31792,126.42819,124.28309,124.49415,123.82054,125.87409,125.50604,125.04410,124.12580,124.40727,122.89335,122.83445,125.36026,120.42563,121.25643,123.49720,125.75559,122.80831,121.96146,122.90654,124.32610,126.91127,126.08914,123.64529,124.92996,124.23896,123.02043,124.52328,122.82190,121.87343,122.61279,123.51869,126.05362,123.18198,123.41155,124.73361,123.20652,120.95578,123.50163,122.60099,126.50558,126.45492,126.30785,125.75378,129.94127,123.46372,125.70876,123.27822,125.55611,125.20714,131.10675,126.52304,127.43399,128.30520,129.94999,128.14506,133.14228,124.98209,121.52255,127.13859,128.59032,126.38169,127.05016,127.11270,126.22804,122.48522,127.54371,127.54845,125.97202,125.95941,125.64660,121.27063,121.14046,127.43170
2025-11-24,124.92646,126.46065,122.63603,123.34679,124.05777,126.56727,125.80946,121.78575,119.86347,127.27914,124.93072,123.28139,125.12837,122.06699,124.40949,128.77911,128.38458,123.02265,125.14188,126.27487,126.27251,124.24838,124.48443,123.71731,125.80796,125.37786,124.98766,124.02375,124.28240,122.82286,122.80687,125.31421,120.36470,121.18948,123.45220,125.70057,122.79973,121.87414,122.85444,124.28981,126.90643,126.11803,123.60055,124.88588,124.19504,122.98913,124.44149,122.75886,121.85380,122.54066,123.43751,126.01427,123.13886,123.29273,124.66654,123.16757,120.83380,123.45236,122.55034,126.52501,126.45663,126.33623,125.75391,129.96005,123.45446,125.72800,123.20689,125.54015,125.17193,131.19755,126.54999,127.52403,128.33472,129.96831,128.21244,133.26206,124.86342,121.43280,127.12399,128.57917,126.26172,127.00577,127.13444,126.21647,122.51640,127.57826,127.53652,125.99042,125.94250,125.63832,121.14845,121.03855,127.30648
2025-11-25,125.05938,126.55194,122.73456,123.50510,124.22544,126.73128,125.98113,121.93784,119.99972,127.44573,125.03817,123.45161,125.25319,122.18411,124.49255,128.88574,128.52560,123.13611,125.25492,126.43151,126.34235,124.35519,124.64686,123.85215,125.92462,125.53834,125.18225,124.19109,124.43712,122.97543,122.93757,125.42835,120.38057,121.34470,123.51011,125.80838,122.93381,121.98379,122.88358,124.40838,126.95248,126.26698,123.70704,124.95194,124.28391,123.08352,124.49380,122.85197,121.98142,122.58543,123.46664,126.08542,123.26196,123.25278,124.74439,123.25288,120.90514,123.59986,122.57670,126.62249,126.60601,126.54142,125.94290,130.18349,123.67019,125.93053,123.39673,125.76748,125.36975,131.34714,126.73815,127.67402,128.51822,130.15031,128.36995,133.42164,124.94058,121.62911,127.35398,128.74220,126.33895,127.19506,127.39309,126.39530,122.64821,127.66423,127.72143,126.11004,126.10738,125.78663,121.34820,121.16602,127.53283
2025-11-26,124.91900,126.44352,122.59246,123.34229,124.10266,126.61174,125.85162,121.75234,119.81385,127.35699,124.88914,123.30216,125.14179,122.01218,124.35999,128.76699,128.45918,122.95003,125.16006,126.29948,126.26079,124.25074,124.51828,123.72909,125.77891,125.42976,125.07246,124.09450,124.32503,122.80210,122.75957,125.26673,120.21207,121.25903,123.33752,125.64775,122.77591,121.83050,122.72642,124.23206,126.78669,126.11675,123.55990,124.80905,124.14394,122.92084,124.31818,122.68969,121.82161,122.43380,123.32211,125.91787,123.09505,123.11504,124.56511,123.07044,120.80500,123.47672,122.40045,126.50257,126.48104,126.42392,125.79532,130.01888,123.56202,125.80795,123.25985,125.64823,125.23910,131.17065,126.62855,127.50977,128.41183,130.01049,128.21640,133.24052,124.82185,121.52557,127.24018,128.63791,126.22081,127.06496,127.29044,126.29588,122.51729,127.49534,127.59895,125.97500,126.00153,125.65681,121.26436,121.00696,127.12331
2025-11-27,124.78678,126.20312,122.44152,123.14784,123.92138,126.39707,125.69798,121.71996,119.75984,127.12210,124.70774,123.12544,124.92224,121.86377,124.17407,128.52756,128.53178,122.96914,124.94505,126.10380,126.03916,124.13077,124.34761,123.54366,125.57692,125.16261,124.87691,123.87956,124.09573,122.58806,122.62773,125.11979,120.05674,121.13916,123.20904,125.47601,122.66049,121.68568,122.59184,124.08433,126.66245,126.00089,123.41468,124.69158,124.00824,122.80121,124.14643,122.55100,121.71565,122.29662,123.15774,125.79271,122.98734,122.88218,124.44492,122.92346,120.63847,123.32104,122.29603,126.46647,126.38360,126.35222,125.68844,129.94536,123.40486,125.70588,123.10475,125.51758,125.07271,131.14941,126.49615,127.47286,128.33514,129.91783,128.19586,133.19303,124.60375,121.33951,127.18039,128.60229,126.21851,126.96606,127.20497,126.17490,122.47421,127.46875,127.54316,125.93782,125.88311,125.53802,121.07312,120.82849,127.03403
2025-11-28,125.11333,126.68231,122.87465,123.35930,124.29243,126.70219,125.99060,121.90992,119.95925,127.51930,124.99926,123.52770,125.34130,122.21381,124.56370,128.92534,128.82213,123.02571,125.39670,126.36270,126.58361,124.44832,124.57375,123.90478,125.93983,125.61589,125.17104,124.32264,124.56543,122.74881,122.92457,125.43921,120.39842,121.51370,123.56886,125.79318,122.89098,122.09939,122.95364,124.34645,126.90226,126.23384,123.73455,125.04210,124.33031,123.13273,124.60089,122.98899,121.96538,122.70545,123.58481,126.12280,123.28376,123.38545,124.87300,123.13971,120.96389,123.61809,122.63513,126.69520,126.55538,126.59389,125.99183,130.19011,123.66747,125.96191,123.38437,125.81195,125.39343,131.44956,126.74286,127.65201,128.54454,130.21506,128.47451,133.32672,125.04108,121.58133,127.41402,128.86766,126.41627,127.26873,127.43146,126.41046,122.71453,127.71041,127.77667,126.19768,126.22769,125.76190,121.63818,121.24454,128.55540
2025-11-29,124.88621,126.40366,122.57635,123.10099,124.02286,126.47940,125.78369,121.71345,119.74721,127.29055,124.78253,123.20838,125.07742,121.95360,124.34091,128.65139,128.82502,122.94676,125.14875,126.15864,126.31439,124.23085,124.39174,123.66160,125.69930,125.33329,124.98448,124.06134,124.26503,122.52754,122.67061,125.19827,120.15605,121.27189,123.31380,125.53954,122.68593,121.82784,122.72478,124.13136,126.73893,126.02881,123.49592,124.81120,124.09217,122.88118,124.31963,122.71017,121.73972,122.46944,123.30287,125.86913,123.07193,123.18306,124.51757,122.93436,120.68783,123.40272,122.35319,126.47207,126.37289,126.41915,125.80752,130.01947,123.52025,125.78167,123.14682,125.60470,125.19309,131.36214,126.58227,127.53026,128.35292,130.00292,128.33255,133.31764,124.73978,121.33824,127.23908,128.66369,126.30592,127.09611,127.24726,126.22078,122.55504,127.56834,127.55780,126.06415,125.99407,125.57764,121.33193,120.87649,127.52280
2025-11-30,124.91481,126.28301,122.52552,123.10279,123.96407,126.43273,125.75170,121.81933,119.78445,127.20697,124.77462,123.14656,124.97696,121.92698,124.31171,128.59196,129.01241,123.11465,125.05608,126.14535,126.19184,124.29121,124.39083,123.62319,125.66375,125.24751,124.93551,123.95612,124.19178,122.56166,122.67303,125.20434,120.16363,121.27039,123.32178,125.55934,122.69995,121.80865,122.71193,124.13982,126.80690,126.07458,123.49527,124.84203,124.08932,122.89134,124.28013,122.67252,121.77635,122.45962,123.29146,125.88549,123.11487,123.09817,124.53519,122.95053,120.65212,123.43117,122.39521,126.68568,126.52173,126.52055,125.87519,130.16539,123.60293,125.89734,123.24027,125.65662,125.24583,131.54003,126.70096,127.75880,128.56397,130.09864,128.46749,133.48445,124.68467,121.32308,127.35796,128.86767,126.52097,127.21921,127.40499,126.29259,122.62039,127.70520,127.70299,126.17338,126.06477,125.58970,121.22636,120.80699,127.28491
2025-12-01,125.20835,126.68605,122.81034,123.47021,124.08145,126.45895,125.70914,122.13061,120.17181,127.22428,125.01232,123.49683,125.25451,122.27351,124.81638,128.92632,128.93177,123.23417,125.25865,126.21056,126.59702,124.73264,124.32436,123.88955,125.85444,125.54944,124.93407,124.14745,124.39738,122.92763,123.08979,125.61827,120.75318,121.58509,123.80452,126.15151,123.01835,122.03715,123.24405,124.42212,127.31809,126.43948,123.89445,125.32848,124.52191,123.32410,125.01419,123.03129,121.96037,122.92945,123.84145,126.49966,123.33146,123.76267,125.20085,123.24836,121.10179,123.63596,122.99782,126.81460,126.57163,126.63608,126.02656,130.23144,123.61192,125.98748,123.35422,125.76269,125.50896,131.89231,126.86636,127.73363,128.64212,130.45728,128.60826,133.75290,125.23514,121.53762,127.51543,129.06788,126.61376,127.49000,127.57195,126.47837,122.84818,128.04152,127.88650,126.30732,126.39115,125.70225,121.40113,121.22539,128.78024
2025-12-02,125.10093,126.64662,122.71732,123.27626,124.01607,126.36634,125.64336,122.01987,120.05842,127.11222,124.89685,123.45734,125.14277,122.20050,124.72160,128.73020,128.98470,123.11558,125.15612,126.05483,126.58349,124.52079,124.21511,123.75858,125.67008,125.41542,124.84224,124.08431,124.33671,122.75456,122.93904,125.49704,120.66111,121.41251,123.72963,126.00517,122.86829,122.04037,123.18883,124.39271,127.16033,126.27420,123.77070,125.19895,124.40854,123.19195,124.90912,123.03106,121.91188,122.90413,123.76800,126.37026,123.28800,123.76351,125.04615,123.14175,121.02346,123.52998,122.87012,126.64528,126.31069,126.54858,125.92066,130.14003,123.52102,125.86550,123.18971,125.66569,125.38227,131.73745,126.66970,127.65195,128.46715,130.30833,128.50622,133.50861,125.12593,121.38568,127.38448,128.89019,126.43554,127.40153,127.48665,126.41631,122.76545,127.88725,127.75993,126.19881,126.28087,125.65218,121.42747,121.18094,128.77758
2025-12-03,125.59000,127.08948,123.15784,123.73705,124.53190,127.01718,126.23712,122.17468,120.23396,127.80845,125.36082,123.75812,125.68449,122.57546,125.16071,129.26122,129.44153,123.35890,125.77257,126.64315,127.02932,124.96999,124.82199,124.20671,126.29833,126.03776,125.44540,124.61003,124.92709,123.20049,123.41098,125.95089,120.97242,121.96609,124.08975,126.43599,123.25158,122.47285,123.50253,124.79825,127.63353,126.79292,124.18423,125.49243,124.82650,123.55193,125.27122,123.38700,122.25925,123.24607,124.13009,126.68867,123.60762,124.10048,125.40870,123.50944,121.35063,123.93622,123.24903,127.28972,127.02851,127.10732,126.46278,130.85511,124.12005,126.44026,123.74361,126.26879,125.92679,132.24486,127.36976,128.29885,129.37644,130.93200,129.00846,134.15684,125.52300,121.86798,128.01561,129.69014,127.10332,127.92906,128.15907,127.06338,123.19918,128.35696,128.43990,126.80428,126.85212,126.23110,121.94758,121.65215,128.78736
2025-12-04,125.49179,127.05201,123.02925,123.62332,124.44961,126.96351,126.19092,122.10679,120.17239,127.79490,125.32510,123.66895,125.61781,122.52185,125.11321,129.29667,129.47007,123.33349,125.69165,126.59123,127.01490,124.89566,124.75512,124.14317,126.22380,125.97228,125.41949,124.52852,124.81440,123.16147,123.28835,125.87142,120.92278,121.85813,124.01556,126.37008,123.17369,122.37460,123.43747,124.73440,127.56838,126.67852,124.09972,125.44857,124.74226,123.45604,125.21991,123.33816,122.17540,123.17404,124.07388,126.62708,123.57753,124.08067,125.28653,123.49093,121.22070,123.89399,123.08019,127.02817,126.78360,127.02390,126.38185,130.68250,124.08038,126.36459,123.57290,126.17000,125.87426,132.18709,127.28078,128.11066,129.06817,130.77451,128.95822,134.18414,125.47041,121.78925,127.91627,129.40545,126.81624,127.78599,127.97585,126.90813,123.11298,128.23915,128.18698,126.64974,126.72016,126.17850,121.76203,121.40798,128.18577
2025-12-05,125.58913,127.13806,123.08361,123.70796,124.54074,127.08837,126.31414,122.13762,120.20453,127.93162,125.42812,123.70767,125.70563,122.57214,125.19658,129.38916,129.59888,123.39386,125.79712,126.72615,127.09801,124.98898,124.88568,124.21970,126.35810,126.08460,125.53787,124.60541,124.89970,123.25598,123.36927,125.95553,120.97964,121.94188,124.07747,126.44199,123.24605,122.43565,123.48173,124.80486,127.68749,126.76367,124.16104,125.51072,124.80824,123.51866,125.24203,123.40327,122.23024,123.22040,124.13998,126.69231,123.64598,124.19258,125.28600,123.56447,121.27125,124.01791,123.14686,127.19778,126.97913,127.15507,126.49146,130.85782,124.21508,126.49676,123.69295,126.29043,125.98473,132.31724,127.43396,128.25622,129.29326,130.89410,129.08003,134.36752,125.54376,121.85928,128.07401,129.61044,126.98535,127.90205,128.12918,127.06437,123.21643,128.35778,128.35015,126.80636,126.82992,126.25668,121.80174,121.39055,128.18209
2025-12-06,125.37808,126.75652,122.83072,123.45172,124.27654,126.82665,126.07703,122.00877,120.04163,127.62524,125.15677,123.42973,125.38218,122.32518,124.93918,129.04077,129.58595,123.36919,125.50837,126.48808,126.73089,124.79571,124.67936,123.93964,126.07969,125.75336,125.27089,124.31140,124.59869,123.00839,123.15328,125.71045,120.71356,121.73463,123.82999,126.16554,123.04771,122.19944,123.21065,124.59185,127.49579,126.55115,123.92875,125.25742,124.56901,123.29948,124.90814,123.12117,122.03127,122.97141,123.87476,126.43392,123.41313,123.82555,125.07910,123.27547,121.02930,123.82856,122.90587,127.13956,126.87343,127.01865,126.30643,130.76505,124.04106,126.32544,123.50548,126.10970,125.78819,132.20321,127.28951,128.26115,129.24827,130.75940,128.94924,134.27615,125.21663,121.61700,127.94203,129.53488,126.91830,127.75013,127.99894,126.91449,123.09385,128.24966,128.18737,126.68505,126.66358,126.04966,121.58158,121.15369,127.92515
2025-12-07,125.28100,126.56339,122.70866,123.36370,124.11392,126.68270,125.91696,121.93122,119.90919,127.45278,125.01187,123.29383,125.19304,122.21608,124.80430,128.88923,129.57686,123.30881,125.34073,126.35444,126.52307,124.74233,124.51780,123.80359,125.96179,125.58242,125.11478,124.13330,124.47832,122.95128,123.01710,125.59308,120.58177,121.64069,123.70202,126.05237,122.92392,122.12421,122.71140,124.80041,127.38226,126.44860,123.82375,125.14116,124.46580,123.14778,124.77039,122.95467,121.91033,122.89859,123.74448,126.31073,123.29758,123.68461,124.98173,123.13509,120.94906,123.74201,122.76981,127.13250,126.87017,126.96093,126.23833,130.74903,124.00785,126.27106,123.47265,126.02797,125.77433,132.14787,127.28741,128.28589,129.29048,130.77754,128.88544,134.21548,125.07368,121.56173,127.85597,129.51375,126.90605,127.69813,127.96294,126.87569,123.02220,128.23255,128.14348,126.59863,126.66007,125.87484,121.54581,121.09318,127.69968
2025-12-08,125.33721,126.61229,122.79740,123.40139,124.20204,126.77044,125.99076,122.00312,119.97032,127.61071,125.06396,123.37022,125.28526,122.27950,124.84708,129.03401,129.66358,123.34443,125.44926,126.44269,126.54401,124.82303,124.56085,123.91759,126.05232,125.66066,125.20983,124.23646,124.59979,123.02945,123.06954,125.64309,120.62410,121.69830,123.73493,126.11034,123.01981,122.17711,122.63116,124.97172,127.43895,126.50142,123.89596,125.19102,124.54305,123.22155,124.82222,123.00391,121.97857,122.96162,123.79418,126.35936,123.34879,123.70089,125.02978,123.19852,120.94781,123.81233,122.75022,127.05661,126.85167,127.00816,126.29302,130.73237,124.10571,126.34156,123.49951,126.09122,125.85123,132.20570,127.33535,128.21284,129.17006,130.79386,128.95661,134.28607,125.11793,121.64121,127.88339,129.45673,126.92108,127.78149,128.01082,126.90122,123.06429,128.27761,128.13673,126.63794,126.74523,125.98130,121.58500,121.18557,127.95567
2025-12-09,125.79321,127.11352,123.19519,123.89575,124.65444,127.25092,126.45971,122.24059,120.25618,128.16006,125.52118,123.78578,125.76279,122.66748,125.29082,129.56822,130.02115,123.57717,125.96255,126.94529,127.05634,125.29828,125.05234,124.35263,126.57030,126.22871,125.66457,124.67774,125.09079,123.48911,123.51299,126.07693,121.01685,122.13798,124.13837,126.55287,123.36434,122.60445,123.03419,125.35696,127.86022,126.92309,124.27636,125.57291,124.94272,123.58842,125.23310,123.40606,122.34005,123.33529,124.21773,126.75082,123.70623,124.15950,125.41486,123.60879,121.37895,124.24419,123.18817,127.67555,127.46910,127.50217,126.77517,131.28711,124.61380,126.85313,124.06580,126.58700,126.34503,132.61243,127.93523,128.74412,129.93825,131.33310,129.38616,134.73423,125.60244,122.11111,128.40846,130.07029,127.37031,128.21594,128.54872,127.46610,123.45865,128.67177,128.69235,127.13482,127.28092,126.38041,122.05682,121.61811,128.27914
2025-12-10,125.68417,127.04499,123.04465,123.71211,124.52710,127.09941,126.34890,122.15043,120.14966,128.01565,125.41745,123.65748,125.61997,122.53843,125.15048,129.38000,129.97799,123.49371,125.82032,126.79588,126.98385,125.16747,124.91829,124.20374,126.41931,126.08546,125.53655,124.52092,124.94057,123.28846,123.36693,125.94585,120.90645,121.99575,124.03047,126.41814,123.22617,122.46644,122.90515,125.24541,127.69350,126.78085,124.12250,125.46966,124.78863,123.45165,125.10159,123.29648,122.21628,123.19778,124.07200,126.64488,123.61170,123.98566,125.25494,123.48257,121.26584,124.03336,123.12331,127.59041,127.39150,127.43689,126.66265,131.20572,124.48002,126.74191,123.92210,126.46532,126.19661,132.57208,127.86915,128.72523,129.90656,131.24334,129.29677,134.58727,125.46464,121.95348,128.35733,130.10482,127.50240,128.15594,128.45668,127.35596,123.39308,128.61504,128.69327,127.09102,127.16430,126.23160,121.90279,121.46823,128.61878
2025-12-11,125.75004,127.25325,123.14755,123.77277,124.58607,127.05460,126.28829,122.25138,120.23130,127.95673,125.51096,123.82986,125.69654,122.65350,125.27868,129.33302,130.05938,123.41671,125.79371,126.72796,127.25160,125.23283,124.86272,124.23692,126.38227,126.14818,125.55043,124.57783,125.02724,123.39943,123.35667,125.99635,121.07973,122.04953,124.18699,126.49646,123.24329,122.62559,123.44862,125.02537,127.67805,126.78472,124.11928,125.60574,124.84866,123.49628,125.30650,123.51004,122.26795,123.41995,124.27509,126.76697,123.84578,124.25573,125.44669,123.61043,121.47707,124.12123,123.19950,127.54291,127.23326,127.50015,126.69080,131.28876,124.48670,126.75191,123.88362,126.52917,126.23708,132.66117,127.79351,128.64930,129.76806,131.29058,129.37709,134.62700,125.68979,121.98147,128.39481,129.98669,127.32706,128.14663,128.42600,127.34909,123.48571,128.64220,128.57067,127.07082,127.23500,126.14128,122.04603,121.59649,129.54326
2025-12-12,125.47250,126.71003,122.91551,123.41461,124.38993,126.90495,126.13365,122.05408,120.00809,127.74392,125.15927,123.45199,125.40587,122.36019,124.92108,129.06200,129.97379,123.30871,125.54831,126.52261,126.66314,124.92980,124.67431,123.95728,126.15220,125.86148,125.38097,124.39825,124.83281,123.02854,123.17757,125.70202,120.63902,121.83146,123.80792,126.14891,123.11556,122.30318,123.18353,124.53112,127.47522,126.58418,123.86729,125.18555,124.53611,123.25815,124.84455,123.05190,122.04067,122.99590,123.86163,126.35681,123.46931,123.78569,124.99009,123.17029,121.06582,123.90061,122.73698,127.27376,127.02740,127.27898,126.46991,131.16493,124.33381,126.52838,123.64848,126.33495,125.99263,132.54322,127.56019,128.42423,129.51401,131.07577,129.19148,134.54291,125.17443,121.70143,128.26492,129.82114,127.19270,127.99655,128.25926,127.11089,123.30335,128.45577,128.37643,126.84646,126.98841,126.01539,121.73222,121.30284,128.53928
2025-12-13,125.43729,126.56335,122.83632,123.33820,124.32067,126.85330,126.09330,121.99896,119.96781,127.70020,125.08147,123.35787,125.32274,122.29768,124.85944,128.99566,130.03064,123.34591,125.49855,126.48331,126.57071,124.93108,124.68251,123.89095,126.09385,125.79717,125.33326,124.31931,124.73353,122.94207,123.14842,125.65351,120.54674,121.78428,123.74470,126.08271,123.05029,122.25474,122.88275,124.64746,127.45171,126.55770,123.80054,125.08678,124.48069,123.16823,124.70797,122.94256,121.99738,122.88715,123.78434,126.24949,123.36547,123.70020,124.86743,123.05739,120.99272,123.85799,122.65659,127.33770,127.09091,127.27775,126.47549,131.23031,124.35711,126.54085,123.64832,126.33783,125.96910,132.54251,127.61634,128.58687,129.65477,131.11364,129.19301,134.57345,125.07528,121.66593,128.30018,129.88951,127.24927,127.98610,128.29777,127.17709,123.32436,128.46188,128.42011,126.89642,126.97961,125.98430,121.70689,121.22145,128.39971
2025-12-14,125.49763,126.65759,122.88406,123.35797,124.37975,126.94322,126.18936,122.01976,119.99999,127.82776,125.14307,123.39817,125.42408,122.31922,124.89853,129.11185,130.10912,123.38470,125.61300,126.57092,126.65884,125.00188,124.77892,123.97569,126.14913,125.87508,125.43697,124.38771,124.80403,122.98107,123.17057,125.70181,120.61414,121.81560,123.77009,126.14727,123.10938,122.28385,122.53451,125.08207,127.48453,126.61248,123.86029,125.16050,124.55674,123.21226,124.76451,122.99783,122.05901,122.91569,123.79547,126.29631,123.41486,123.67772,124.97340,123.13510,120.99636,123.91085,122.70784,127.43080,127.14441,127.36040,126.53426,131.18155,124.45270,126.60603,123.68205,126.39328,126.05863,132.60867,127.71554,128.61693,129.70274,131.17492,129.26595,134.64378,125.13087,121.74475,128.37741,129.97127,127.32732,128.06086,128.38219,127.27220,123.38525,128.51429,128.51445,126.95563,127.04606,126.08534,121.71689,121.25276,128.43390
2025-12-15,125.55400,126.65891,122.89987,123.39716,124.39217,126.97747,126.23092,122.05143,120.02556,127.86596,125.17920,123.41040,125.42566,122.32423,124.90564,129.14551,130.23842,123.46941,125.63854,126.62237,126.67203,125.06838,124.83985,124.00180,126.19682,125.88263,125.46432,124.38678,124.81175,123.00625,123.21347,125.72885,120.63463,121.84796,123.80833,126.16703,123.13533,122.31954,122.53328,125.10387,127.52669,126.66064,123.86996,125.18207,124.57832,123.22773,124.77191,123.01328,122.09284,122.93595,123.81611,126.29922,123.42711,123.67168,124.93679,123.15615,120.99075,123.95254,122.75565,127.64622,127.30349,127.45379,126.62807,131.37578,124.54511,126.70070,123.77772,126.46668,126.13083,132.69963,127.85853,128.87718,130.04880,131.32175,129.35471,134.75939,125.13730,121.78552,128.48273,130.12557,127.46188,128.14821,128.54090,127.41716,123.46482,128.61226,128.64265,127.07499,127.15010,126.11125,121.76296,121.26059,128.28810
2025-12-16,125.57979,126.67841,122.86977,123.41426,124.39746,126.99361,126.23488,122.06600,120.01982,127.90655,125.18623,123.40119,125.41157,122.32933,124.95462,129.13322,130.29143,123.49591,125.64027,126.66174,126.67209,125.09415,124.85502,123.99013,126.25027,125.90726,125.48373,124.36987,124.81824,123.04858,123.22138,125.75803,120.63107,121.88478,123.82552,126.20144,123.14285,122.38027,122.47691,125.15733,127.56784,126.67320,123.89395,125.19171,124.59384,123.21844,124.76428,122.98967,122.08094,122.95976,123.83409,126.33376,123.44960,123.68944,124.90942,123.16734,121.00160,123.98346,122.75300,127.70173,127.37858,127.48001,126.64743,131.47456,124.60872,126.74377,123.89928,126.52584,126.17731,132.75687,127.92768,128.95770,130.16395,131.39672,129.39859,134.84628,125.14751,121.78928,128.48823,130.16844,127.50740,128.16945,128.55206,127.46866,123.48477,128.66373,128.63373,127.12799,127.20319,126.12429,121.77128,121.26150,128.38753
2025-12-17,125.53625,126.64706,122.82452,123.36302,124.37615,126.96796,126.23442,122.02379,119.99843,127.87734,125.15240,123.37241,125.39621,122.28350,124.91033,129.11571,130.27947,123.45433,125.61502,126.63189,126.62837,125.05408,124.82181,123.95939,126.20059,125.87652,125.46650,124.35300,124.77577,122.99658,123.18180,125.71632,120.58781,121.84218,123.78454,126.15272,123.12474,122.30495,122.43447,125.14785,127.50595,126.63618,123.84902,125.15125,124.53694,123.18266,124.70557,122.96935,122.04370,122.89045,123.77425,126.28229,123.37993,123.53647,124.84715,123.12871,120.95543,123.94382,122.67589,127.64046,127.31348,127.46388,126.61258,131.39018,124.57803,126.71112,123.82477,126.49198,126.13991,132.74052,127.89121,128.87120,129.99984,131.33210,129.39336,134.87397,125.09745,121.74475,128.50479,130.14764,127.49053,128.14328,128.50406,127.39201,123.46650,128.62540,128.61472,127.07559,127.14876,126.12303,121.70790,121.19527,128.15675
2025-12-18,125.59721,126.74393,122.89284,123.41802,124.46365,127.05702,126.31204,122.00259,120.01301,127.97840,125.22071,123.44275,125.50461,122.34267,124.97492,129.24039,130.29703,123.42076,125.71703,126.70164,126.73303,125.11279,124.90862,124.03238,126.27533,125.99393,125.55707,124.45295,124.87390,123.04549,123.23126,125.76738,120.63294,121.90005,123.82510,126.20590,123.16365,122.35851,122.52075,125.15403,127.52732,126.67068,123.89226,125.18843,124.58547,123.21350,124.75795,123.03953,122.07672,122.93908,123.83566,126.31453,123.42028,123.63481,124.90648,123.17707,121.03199,124.00452,122.68665,127.65147,127.34508,127.52882,126.67839,131.41492,124.71060,126.74931,123.83110,126.54793,126.21202,132.76055,127.97052,128.86768,129.99355,131.38407,129.45081,134.92805,125.19055,121.82956,128.59467,130.24484,127.54277,128.21492,128.57743,127.47410,123.52513,128.66795,128.70045,127.09982,127.21885,126.17932,121.77171,121.28981,128.41016
2025-12-19,125.72022,126.71990,122.95901,123.55043,124.50436,127.11386,126.40320,122.14791,120.13960,128.00639,125.31355,123.53283,125.53146,122.41135,125.01108,129.27971,130.59324,123.63032,125.72585,126.79771,126.72282,125.30368,125.03556,124.10760,126.32785,125.96636,125.62491,124.48721,124.86118,123.16445,123.31840,125.82675,120.69799,121.94054,123.89997,126.24885,123.24640,122.43196,123.12438,124.68823,127.62900,126.76041,123.95251,125.25368,124.65758,123.30435,124.80149,123.10851,122.20031,122.99894,123.88754,126.38055,123.53339,123.68354,124.95023,123.29638,121.08759,124.06053,122.76777,127.92424,127.58301,127.77464,126.87502,131.67961,124.82863,126.95418,123.96675,126.73216,126.36789,133.04368,128.18530,129.14052,130.26723,131.57275,129.70220,135.28028,125.22034,121.93814,128.83530,130.46267,127.83377,128.41279,128.79177,127.65631,123.73862,128.88894,128.88281,127.33982,127.40795,126.26836,121.86662,121.37526,128.73968
2025-12-20,124.74300,125.88867,122.08415,122.62271,123.60994,126.18562,125.45053,121.22067,119.26010,127.08284,124.38489,122.62866,124.65256,121.55103,124.08177,128.30668,129.27683,122.59643,124.84365,125.82477,125.85129,124.31262,124.09479,123.22049,125.41436,125.09709,124.72427,123.62660,124.01681,122.21366,122.41728,124.91707,119.87986,121.08983,122.98655,125.34133,122.34922,121.56581,122.19384,123.76578,126.60512,125.77473,123.06600,124.35440,123.73267,122.40398,123.90359,122.22501,121.29079,122.08469,122.96068,125.45945,122.62311,122.80876,123.99954,122.41843,120.22350,123.16457,121.91530,126.85554,126.54838,126.65051,125.80372,130.51161,123.89997,125.87876,123.05955,125.68987,125.36125,131.73576,127.08785,127.99169,129.14114,130.37901,128.51536,133.86693,124.32183,121.06914,127.70143,129.29925,126.62942,127.30707,127.74141,126.60263,122.72695,127.67576,127.79770,126.26527,126.32510,125.30422,120.96896,120.49117,127.48902
2025-12-21,125.41431,126.48062,122.90254,123.31934,124.26026,126.60312,125.88693,122.30130,120.41391,127.35307,124.81731,123.66520,125.23432,122.25479,124.69036,129.07676,130.06550,123.44230,125.35806,126.19746,126.35783,124.99509,124.28406,123.92053,125.77062,125.53049,125.04143,124.22778,124.58641,122.81862,122.95791,125.43916,120.45002,121.59897,123.62419,125.87622,123.16654,121.95197,123.10453,124.26488,127.18734,126.32923,123.74023,125.08041,124.47450,123.24145,124.79257,122.86245,122.01849,122.73745,123.66829,126.15808,122.98831,123.46275,124.99798,122.98598,121.05932,123.77836,122.61319,127.60740,127.01971,127.30946,126.53115,130.86032,124.44202,126.55603,123.62754,126.46509,126.07796,132.69076,127.77595,128.36518,129.42030,131.27917,129.41078,134.76931,124.99686,121.90051,128.35352,129.95789,127.38950,128.25739,128.42800,127.14070,123.59823,128.75514,128.34164,126.72966,127.00405,125.94275,121.46383,121.33775,129.84464
2025-12-22,125.69250,127.02635,123.02654,123.57120,124.55429,127.06227,126.29155,122.14279,120.27058,127.94064,125.22642,123.81088,125.64018,122.48271,125.01639,129.41295,130.23182,123.42983,125.78220,126.60732,126.93453,125.20830,124.75649,124.18768,126.20119,126.03772,125.44490,124.57088,124.92946,123.10163,123.19629,125.80455,120.65080,121.88214,123.90373,126.21135,123.21309,122.27546,123.25262,124.63284,127.59956,126.64013,123.94360,125.28935,124.68114,123.32340,125.00887,123.12848,122.10425,122.99883,123.91708,126.37623,123.21023,123.76619,125.17669,123.20023,121.30963,124.09053,122.86270,127.94099,127.48395,127.54909,126.76383,131.33978,124.81395,126.80944,123.85694,126.74813,126.37767,132.77748,128.23068,128.88497,130.07243,131.59449,129.59358,134.95094,125.41038,122.00746,128.66536,130.44892,127.65816,128.39250,128.82433,127.51601,123.65412,128.79467,128.75128,127.03645,127.27887,126.12726,121.65148,121.49909,129.66229
2025-12-23,125.38204,126.64290,122.69930,123.20209,124.24530,126.76752,126.05994,121.85983,119.96286,127.62201,124.90916,123.43619,125.29511,122.13734,124.67522,128.99570,130.12007,123.26189,125.47625,126.29625,126.55678,124.89237,124.50801,123.86725,125.84764,125.65959,125.17001,124.27401,124.55979,122.77600,122.88796,125.48038,120.33110,121.56243,123.58859,125.86582,122.93340,121.96131,122.91076,124.31860,127.30695,126.35468,123.66105,124.97559,124.36922,123.03405,124.58916,122.79734,121.85759,122.65547,123.54894,126.04820,122.91508,123.38796,124.81153,122.84290,120.98413,123.76997,122.51793,127.60628,127.22260,127.32396,126.51265,131.04455,124.55431,126.53960,123.52745,126.45493,126.08241,132.56360,128.00205,128.64643,129.83115,131.31416,129.35946,134.76963,125.00823,121.67543,128.43746,130.12456,127.44777,128.15432,128.54392,127.20541,123.42413,128.53919,128.47351,126.73292,126.96044,125.86982,121.33048,121.15662,128.66419
2025-12-24,125.46446,126.73322,122.77293,123.28910,124.33281,126.91044,126.16762,121.88097,120.00934,127.75276,125.00846,123.45927,125.37428,122.18748,124.74270,129.10229,130.22827,123.30407,125.55205,126.39272,126.61681,124.96264,124.61485,123.93544,125.96135,125.74152,125.27476,124.37537,124.64704,122.86153,122.97833,125.55026,120.40759,121.62718,123.62599,125.94083,123.01093,122.01662,122.97556,124.34767,127.38773,126.46661,123.72480,125.04497,124.44775,123.12661,124.61908,122.87623,121.92464,122.71009,123.61831,126.08649,123.00037,123.42353,124.85435,122.92368,121.03325,123.83185,122.56528,127.69091,127.30632,127.42576,126.60644,131.15926,124.65794,126.63736,123.64882,126.55751,126.19522,132.66400,128.12069,128.72523,129.95740,131.43862,129.45887,134.90964,125.07404,121.75089,128.55808,130.27325,127.55633,128.22881,128.66956,127.29548,123.50438,128.63697,128.60197,126.83078,127.07528,125.95717,121.39328,121.23589,128.58715
2025-12-25,125.69226,127.01416,122.98655,123.52180,124.59227,127.18864,126.42240,121.95877,120.12545,128.06027,125.24634,123.67564,125.63799,122.39300,124.99167,129.40945,130.35925,123.35068,125.83153,126.64918,126.89525,125.18093,124.86583,124.17240,126.24862,126.06471,125.55346,124.61659,124.94051,123.10164,123.19574,125.76763,120.60633,121.85643,123.80886,126.16820,123.20583,122.23686,123.16541,124.54319,127.57709,126.66768,123.91683,125.21919,124.64288,123.32742,124.84469,123.09439,122.08900,122.90355,123.83019,126.27147,123.20468,123.71171,125.00567,123.14697,121.25289,124.05138,122.73588,127.89682,127.52805,127.66014,126.85378,131.40365,124.91531,126.88315,123.91701,126.80999,126.46062,132.83830,128.36708,128.88249,130.21733,131.68370,129.65810,135.11381,125.34108,122.00532,128.82348,130.53210,127.73815,128.42859,128.93177,127.56766,123.70652,128.81608,128.87405,127.04313,127.28994,126.16525,121.62954,121.50474,129.09305
2025-12-26,125.57667,126.81107,122.83660,123.38260,124.45158,127.05315,126.30398,121.89627,120.03969,127.91985,125.10828,123.50746,125.44959,122.21138,124.86227,129.27153,130.36493,123.32473,125.66370,126.52322,126.70958,125.07480,124.75304,124.00726,126.09876,125.88327,125.43401,124.38653,124.78376,122.96068,123.08091,125.64344,120.47110,121.72872,123.69381,126.03910,123.10921,122.10378,123.04018,124.43572,127.48179,126.56493,123.79263,125.09892,124.52155,123.20690,124.74524,122.95577,121.98861,122.76319,123.69608,126.17163,123.09235,123.59201,124.82488,123.00821,121.09541,123.94210,122.62612,127.85985,127.46378,127.59493,126.77981,131.38120,124.83760,126.79590,123.82300,126.71434,126.33729,132.82062,128.27998,128.87976,130.19366,131.59578,129.59387,135.09597,125.15928,121.85249,128.76319,130.47608,127.72078,128.32906,128.87173,127.47372,123.63544,128.74300,128.77525,126.98589,127.18421,126.07098,121.47043,121.31091,128.58844
2025-12-27,125.73250,127.08027,123.02637,123.61386,124.65300,127.29850,126.52926,122.02932,120.19101,128.17032,125.30681,123.64198,125.63356,122.35002,125.03616,129.50074,130.54064,123.44941,125.86065,126.71578,126.87314,125.25131,124.93657,124.15551,126.32790,126.04053,125.61886,124.54200,124.95985,123.12645,123.23398,125.80171,120.62240,121.87496,123.84955,126.20586,123.25205,122.25863,123.18023,124.59367,127.62038,126.72867,123.93682,125.24444,124.66897,123.35418,124.92490,123.12188,122.11212,122.87703,123.82900,126.29145,123.18721,123.70294,124.93732,123.16562,121.17184,124.04410,122.74935,128.02685,127.65203,127.76363,126.94775,131.58307,125.00629,126.98030,123.98774,126.84175,126.49278,132.98353,128.42402,129.05285,130.36504,131.75114,129.73154,135.26422,125.28471,121.96845,128.92111,130.63488,127.86969,128.44854,129.03382,127.62236,123.74595,128.86800,128.90985,127.12260,127.33519,126.20468,121.54391,121.39208,128.62578
2025-12-28,124.91968,126.50870,122.48528,123.10975,124.12776,126.75965,125.98008,121.48438,119.57931,127.48823,124.64640,122.98464,124.96852,121.73116,124.42078,128.79286,129.97601,122.86220,125.18369,126.08032,126.21485,124.64298,124.31362,123.48554,125.64631,125.33707,124.96429,123.84244,124.23002,122.48021,122.56462,125.15334,119.96868,121.23148,123.19113,125.53671,122.60832,121.61448,122.47039,123.91192,126.94881,125.97009,123.18608,124.47344,123.88649,122.58080,124.11881,122.30662,121.34706,122.10578,123.04118,125.47770,122.39585,122.89426,124.11778,122.34779,120.36013,123.24571,121.94140,127.22480,126.84118,126.93450,126.09827,130.72169,124.13379,126.07681,123.00832,125.91247,125.54388,132.05570,127.49406,128.10860,129.40920,130.70639,128.71208,134.25197,124.19285,120.88725,127.85036,129.55367,126.82105,127.36093,127.98401,126.55173,122.73152,127.76888,127.67479,125.95007,126.11915,124.97436,120.24873,120.07528,127.32295
2025-12-29,125.80563,127.00730,122.99281,123.58344,124.63708,127.28187,126.54751,122.02623,120.18445,128.20511,125.31917,123.63291,125.65478,122.35707,125.06789,129.52026,130.69368,123.46909,125.89568,126.75313,126.90429,125.34241,125.01440,124.18168,126.33340,126.06385,125.68887,124.56556,124.96723,123.17490,123.24510,125.84808,120.64799,121.91678,123.85994,126.24251,123.29581,122.30267,122.95030,124.88880,127.67750,126.77155,123.97655,125.27877,124.69247,123.37288,124.92897,123.12731,122.15848,122.93125,123.86330,126.35821,123.26224,123.77218,124.99374,123.23284,121.22367,124.10887,122.79547,128.16019,127.75364,127.92020,127.07819,131.71409,125.15296,127.10319,124.07018,126.98195,126.62771,133.16961,128.60775,129.19570,130.57532,131.91357,129.93114,135.55952,125.35688,122.06968,129.11455,130.83085,128.05671,128.60023,129.22804,127.73119,123.92615,129.03778,129.05786,127.28535,127.47220,126.29621,121.59634,121.47427,128.67588
2025-12-30,125.90092,127.09144,123.05649,123.63301,124.71765,127.37516,126.63756,122.13327,120.24614,128.33432,125.39664,123.68268,125.73350,122.42945,125.14064,129.60776,130.79141,123.54460,125.97916,126.85005,126.99593,125.42415,125.09838,124.25111,126.43362,126.16051,125.79130,124.63967,125.05566,123.22833,123.32507,125.94975,120.70243,121.98980,123.93979,126.35016,123.38184,122.37377,123.15897,124.85014,127.76837,126.86520,124.06111,125.41101,124.77942,123.45784,125.00516,123.20977,122.24546,122.98467,123.92715,126.49491,123.34081,123.76110,125.14004,123.30503,121.25614,124.20754,122.87345,128.26574,127.86801,128.01978,127.17403,131.84038,125.28724,127.20037,124.19283,127.06990,126.72499,133.35164,128.71346,129.33850,130.71875,132.01874,130.05617,135.69566,125.42978,122.13010,129.22953,130.98792,128.16601,128.76892,129.40867,127.83208,124.01868,129.13777,129.18980,127.39735,127.56621,126.39435,121.65456,121.53489,128.92225
2025-12-31,125.74732,126.76464,122.82583,123.37600,124.47666,127.12536,126.41121,122.28680,120.12834,128.04170,125.17714,123.43580,125.44478,122.27043,124.94060,129.28522,130.80503,123.62722,125.67968,126.63124,126.69653,125.25180,124.90481,123.99198,126.16315,125.83970,125.55627,124.37635,124.75718,122.97750,123.12428,125.89036,120.49502,121.75852,123.83856,126.29524,123.28779,122.16346,123.14824,124.65821,127.68666,126.81595,123.98656,125.51289,124.64129,123.40420,124.78784,123.06378,122.18159,122.76886,123.71155,126.58093,123.26749,123.47299,124.99336,123.07647,121.01855,124.11541,122.78304,128.17079,127.68440,127.90326,127.01296,131.71546,125.19882,127.05214,124.03424,126.90539,126.51004,133.48844,128.54446,129.29607,130.62658,131.85158,130.05868,135.65027,125.14966,121.86343,129.10027,130.96472,128.08927,128.83008,129.45895,127.62081,123.90194,129.02849,129.13651,127.27320,127.38488,126.29159,121.39319,121.26098,128.52863
2026-01-01,125.73056,126.69243,122.78697,123.30799,124.39454,126.99556,126.29719,122.38901,120.14314,127.88650,125.12071,123.44521,125.34936,122.33339,124.93508,129.18618,130.85422,123.67976,125.59103,126.54029,126.68475,125.24280,124.80882,123.91568,126.05658,125.72803,125.42357,124.26782,124.63810,122.90895,123.08552,125.92074,120.51086,121.73404,123.86577,126.32568,123.23212,122.18802,123.18450,124.70326,127.68257,126.78035,123.97516,125.59800,124.64526,123.41802,124.83833,123.11617,122.17252,122.83925,123.73564,126.66502,123.33594,123.50889,125.04366,123.03904,121.00636,124.08963,122.84541,128.17384,127.60982,127.89620,126.98834,131.68041,125.09251,127.00680,123.95192,126.87005,126.46602,133.51519,128.48570,129.31751,130.57705,131.83950,130.08818,135.62625,125.10853,121.79980,129.06188,130.92273,128.09097,128.71945,129.35454,127.58062,123.92489,129.06072,129.07071,127.27826,127.40446,126.21925,121.43447,121.25700,129.04473
2026-01-02,125.85037,127.07630,122.83023,123.37717,124.39066,126.96746,126.23163,122.39305,120.18842,127.87805,125.24179,123.58445,125.37900,122.63869,125.20099,129.22679,130.90691,123.72771,125.66416,126.52665,127.12502,125.32895,124.70567,123.94544,126.11662,125.82641,125.33684,124.25971,124.61276,122.94301,123.12526,126.09402,120.80611,121.85682,124.11813,126.56060,123.14086,122.50517,123.35093,125.04453,127.88087,126.76939,124.05296,125.73285,124.75764,123.48722,125.25461,123.50892,122.22098,123.28417,124.09107,126.83972,123.64009,123.97993,125.42802,123.24413,121.17506,124.15314,123.21466,128.30510,127.60322,127.96822,127.03277,131.77352,124.98017,127.04916,123.89360,126.86126,126.52447,133.49673,128.47972,129.47804,130.64366,131.87616,130.14353,135.57727,125.42752,121.72750,129.05226,130.98526,128.09733,128.65052,129.29444,127.62079,123.98706,129.12896,129.09628,127.44366,127.63674,126.21573,121.74487,121.36598,130.12649
2026-01-03,125.85683,127.07221,122.86769,123.38672,124.40793,126.98361,126.22536,122.34654,120.15351,127.90106,125.26430,123.58661,125.39351,122.60943,125.18286,129.20360,130.96110,123.68549,125.67566,126.52398,127.15129,125.37456,124.72341,123.95899,126.11818,125.85016,125.35768,124.27736,124.67064,122.98403,123.12723,126.08597,120.80754,121.85865,124.10567,126.54432,123.14171,122.50539,123.46977,124.92928,127.91087,126.78899,124.05260,125.69346,124.76469,123.46981,125.23999,123.48869,122.21302,123.26533,124.08783,126.79655,123.63228,123.93101,125.39285,123.23740,121.20262,124.15524,123.14992,128.26133,127.60715,128.01640,127.08657,131.81544,124.97954,127.07186,123.87385,126.87670,126.56188,133.51279,128.50416,129.49113,130.66519,131.90751,130.15326,135.62357,125.41198,121.73102,129.08702,130.96253,128.12332,128.68806,129.32045,127.63654,124.00701,129.18601,129.14019,127.43273,127.65952,126.22834,121.81416,121.39706,130.05463
2026-01-04,125.96287,127.24497,122.92744,123.51176,124.46539,127.04234,126.25749,122.30363,120.13519,128.01621,125.37920,123.64904,125.49665,122.71328,125.32630,129.30547,131.08471,123.64009,125.75690,126.60261,127.35037,125.51478,124.78351,124.03449,126.20085,126.01010,125.43749,124.33247,124.78386,123.12864,123.16097,126.19450,120.92708,121.93035,124.19860,126.67338,123.17112,122.62133,123.62098,125.02223,128.06887,126.86173,124.13258,125.76685,124.84874,123.48511,125.38215,123.59598,122.22679,123.43735,124.23351,126.90373,123.76270,124.10008,125.50599,123.40142,121.30376,124.26676,123.21080,128.40086,127.71159,128.14073,127.19663,132.00228,125.11066,127.18639,124.02249,126.99755,126.69994,133.57561,128.64578,129.61171,130.81888,132.04410,130.24382,135.80124,125.56625,121.84456,129.17560,131.06671,128.21997,128.76880,129.43898,127.78430,124.10038,129.29334,129.26530,127.57512,127.83199,126.26627,121.98333,121.51762,130.22909
2026-01-05,126.15323,127.38714,123.03907,123.73538,124.56852,127.23545,126.41411,122.44204,120.20000,128.21733,125.50984,123.68407,125.59495,122.84114,125.50302,129.47185,131.28513,123.75225,125.90981,126.81442,127.46040,125.68935,124.95729,124.16981,126.42554,126.18557,125.62150,124.44123,124.93340,123.40285,123.29460,126.38743,121.06113,122.09393,124.29172,126.90257,123.31309,122.78650,123.70617,125.16053,128.29938,127.06216,124.33503,125.97067,125.03894,123.60358,125.56902,123.68133,122.32426,123.60641,124.41971,127.12976,123.89597,124.32558,125.60899,123.61167,121.38665,124.47812,123.34738,128.70834,128.00592,128.32751,127.46927,132.32386,125.43244,127.41828,124.30614,127.25401,126.98110,133.85832,128.98110,129.99766,131.18724,132.39180,130.45084,136.14281,125.71930,122.05289,129.38535,131.36080,128.44366,129.04156,129.72094,128.09890,124.26215,129.54501,129.50999,127.79015,128.15019,126.43672,122.17359,121.62400,129.96036
2026-01-06,126.24724,127.28290,123.03040,123.86951,124.52423,127.28119,126.41963,122.63464,120.29493,128.23616,125.50943,123.61536,125.51547,122.87189,125.53749,129.41570,131.52307,123.99494,125.86957,126.89106,127.35192,125.85175,125.01918,124.15493,126.46097,126.09352,125.62059,124.37169,124.85443,123.53801,123.37821,126.46375,121.08803,122.12771,124.36777,127.00226,123.42623,122.81668,123.77709,125.22651,128.46286,127.21798,124.42769,126.10583,125.10366,123.70831,125.56867,123.67160,122.39454,123.64940,124.48528,127.24466,123.93989,124.35763,125.61388,123.75628,121.37277,124.55844,123.40487,128.92905,128.18741,128.49959,127.59178,132.55431,125.63779,127.59547,124.45131,127.40093,127.09989,134.13082,129.20625,130.29596,131.44758,132.59016,130.65291,136.46431,125.66116,122.10348,129.53475,131.61375,128.68206,129.23322,129.95174,128.29307,124.40052,129.74876,129.66892,128.00501,128.37813,126.53697,122.21911,121.59574,130.04240
2026-01-07,125.99877,126.90351,122.87487,123.56832,124.33095,126.95149,126.19645,122.47475,120.17335,127.87455,125.20881,123.55867,125.27197,122.62693,125.21881,129.10884,131.51640,123.82652,125.59012,126.57813,126.99351,125.65766,124.70997,123.96977,126.17578,125.78451,125.36112,124.19137,124.66842,123.28708,123.13554,126.09161,120.77202,121.90474,124.06726,126.53937,123.19384,122.57990,123.52171,124.91765,128.09925,126.86833,124.12503,125.70831,124.83134,123.45677,125.24124,123.41936,122.18528,123.40897,124.19071,126.86018,123.71039,124.03414,125.35189,123.31965,121.23725,124.27763,123.05437,128.62783,127.86254,128.39931,127.37712,132.24103,125.35529,127.41156,124.17882,127.22415,126.90517,134.03399,128.92457,129.86273,131.12217,132.30451,130.56185,136.39020,125.32387,121.88591,129.42712,131.38826,128.55972,129.09904,129.64472,127.98495,124.34721,129.59599,129.37027,127.75956,128.04982,126.19606,122.02798,121.46155,130.23208
2026-01-08,126.06793,127.12480,123.10696,123.49364,124.58512,127.12335,126.38657,122.54677,120.30119,128.09346,125.25930,123.84112,125.48825,122.82341,125.26712,129.37219,131.34868,123.72728,125.87134,126.64203,127.19732,125.64881,124.70871,124.20042,126.29126,126.07632,125.55978,124.47908,125.05509,123.18858,123.28295,126.13670,120.84574,122.09752,124.15534,126.59551,123.30630,122.75558,123.61354,124.92677,128.05807,126.86772,124.19365,125.70821,124.96579,123.60561,125.37399,123.56099,122.33663,123.50686,124.25492,126.83859,123.71833,124.15098,125.49408,123.28483,121.31211,124.39827,123.13416,128.64565,127.79432,128.37519,127.38366,132.12145,125.36174,127.43490,124.21992,127.25259,126.96044,133.88287,128.81356,129.74513,130.99289,132.33392,130.44999,135.88474,125.44384,122.00430,129.43128,131.32141,128.38765,129.10945,129.59923,128.02802,124.36760,129.53276,129.37677,127.69079,128.11289,126.34438,122.14853,121.68702,130.71782
2026-01-09,126.05967,127.09071,122.95684,123.48088,124.42972,127.06978,126.29955,122.39564,120.14107,128.02463,125.25194,123.56871,125.36295,122.74489,125.29554,129.15729,131.55511,123.77475,125.73436,126.61912,127.18107,125.68865,124.70507,124.03767,126.23938,125.91962,125.46305,124.32133,124.88451,123.19622,123.22388,126.09394,120.86467,122.02903,124.16497,126.58090,123.23236,122.74941,123.27351,125.34545,128.20273,126.83995,124.13417,125.67636,124.89478,123.53169,125.37518,123.57703,122.28015,123.51728,124.26216,126.85274,123.73302,124.15578,125.48393,123.36353,121.22859,124.34583,123.14145,128.77576,127.89124,128.43743,127.39494,132.28638,125.33023,127.46022,124.15040,127.25898,126.95950,134.12191,128.92423,129.95696,131.19234,132.36872,130.61780,136.25170,125.42165,121.87902,129.50644,131.44596,128.56997,129.15466,129.66734,128.10862,124.45418,129.63693,129.40681,127.89122,128.14884,126.28931,122.02155,121.52606,130.23686
2026-01-10,126.14421,126.94821,122.94588,123.53452,124.44743,127.15694,126.42537,122.50179,120.22011,128.13831,125.25582,123.50640,125.37421,122.76895,125.28048,129.17166,131.83272,124.00358,125.78157,126.73460,127.03215,125.81028,124.86958,124.06514,126.33178,125.95732,125.56861,124.33413,124.89594,123.26630,123.33719,126.18247,120.82219,122.10568,124.15769,126.60101,123.33945,122.74991,123.45565,125.09606,128.29725,126.98539,124.18835,125.66245,124.92699,123.57057,125.27451,123.51576,122.34572,123.41463,124.16500,126.83533,123.67532,123.98470,125.41554,123.30477,121.17277,124.41511,123.11356,129.02860,128.19355,128.66346,127.56926,132.56433,125.53292,127.66506,124.23802,127.44923,127.10664,134.41224,129.18356,130.29156,131.54553,132.56231,130.84548,136.60072,125.29448,121.93386,129.76811,131.71519,128.83431,129.32896,129.95770,128.30927,124.62467,129.82552,129.60807,128.13024,128.27601,126.41849,121.99032,121.47022,130.05180
2026-01-11,126.14458,126.91204,122.92892,123.52761,124.43555,127.16063,126.43647,122.48340,120.20713,128.11720,125.24727,123.46578,125.35081,122.74261,125.25335,129.16257,131.91647,124.04966,125.77180,126.74021,126.96938,125.82668,124.90140,124.04457,126.30986,125.93828,125.56968,124.32276,124.88162,123.25780,123.34492,126.17666,120.80127,122.08866,124.12067,126.57019,123.34198,122.71399,123.49815,124.98317,128.28296,127.00388,124.16674,125.64202,124.90578,123.56164,125.23511,123.48853,122.33905,123.37755,124.13376,126.80502,123.65391,123.89187,125.37362,123.25756,121.13974,124.39532,123.06821,129.06610,128.23232,128.71347,127.62956,132.62553,125.57288,127.69965,124.22965,127.48999,127.13207,134.46654,129.24722,130.35498,131.64164,132.62238,130.89564,136.69654,125.24212,121.93760,129.83917,131.78948,128.90913,129.35978,130.01206,128.34170,124.66813,129.86609,129.65658,128.16602,128.29615,126.43777,121.97367,121.45293,129.73956
2026-01-12,126.13058,126.86688,122.88540,123.49101,124.41807,127.14871,126.40256,122.44559,120.18859,128.12839,125.20862,123.42460,125.37243,122.73003,125.24707,129.15798,131.91533,124.02113,125.77676,126.72959,126.94616,125.80506,124.89908,124.01415,126.30071,125.95900,125.56852,124.30865,124.87206,123.21931,123.35319,126.17339,120.76590,122.08584,124.09209,126.55078,123.33417,122.69741,123.36026,125.06690,128.27691,126.99949,124.13682,125.61676,124.88331,123.52054,125.19086,123.44989,122.29724,123.33831,124.09228,126.78632,123.60122,123.87198,125.32697,123.22292,121.10670,124.38002,123.02846,129.04204,128.24389,128.70263,127.61746,132.63532,125.58601,127.68577,124.20628,127.49199,127.13051,134.46088,129.25209,130.37531,131.65174,132.63688,130.90357,136.73104,125.22081,121.93285,129.84492,131.78247,128.91185,129.36084,130.02309,128.36033,124.67883,129.86574,129.63748,128.16830,128.28861,126.43659,121.95373,121.41261,129.72179
2026-01-13,126.03392,126.71275,122.69270,123.39015,124.27165,127.04145,126.29309,122.38951,120.10756,128.00715,125.09153,123.26997,125.20225,122.60686,125.10068,129.00047,131.93494,124.01778,125.61776,126.62464,126.76494,125.68880,124.80107,123.87689,126.19393,125.77366,125.45483,124.15014,124.70471,123.12218,123.24525,126.06741,120.63502,121.93613,123.96072,126.43246,123.23175,122.58322,123.31012,124.86770,128.18802,126.91046,124.02554,125.49856,124.75810,123.38831,125.04616,123.30892,122.18501,123.19859,123.93287,126.68134,123.49568,123.68936,125.18138,123.10246,120.96290,124.24146,122.90643,129.00657,128.23707,128.66144,127.59472,132.61630,125.54784,127.63448,124.11650,127.43495,127.05281,134.47070,129.24077,130.41486,131.70644,132.60468,130.88892,136.78249,125.04180,121.80042,129.81613,131.78777,128.92494,129.31502,129.99842,128.31092,124.63877,129.85724,129.57752,128.13538,128.22117,126.32973,121.77884,121.25326,129.44491
2026-01-14,126.14471,126.66856,122.76353,123.52985,124.31142,127.06728,126.33089,122.53888,120.25584,127.98429,125.17763,123.36890,125.22261,122.66066,125.12508,129.04938,132.22961,124.22899,125.60702,126.70337,126.74323,125.88295,124.91254,123.94260,126.22700,125.75629,125.49805,124.16669,124.71144,123.24774,123.34647,126.14739,120.71306,121.96762,124.03493,126.48086,123.32129,122.65453,123.26681,125.07420,128.27799,127.01014,124.10360,125.57249,124.81800,123.46341,125.05193,123.36697,122.29607,123.21817,123.97411,126.74327,123.56738,123.65214,125.23747,123.21502,121.02864,124.24498,122.96503,129.19699,128.40780,128.90009,127.77165,132.84097,125.70298,127.82435,124.22571,127.60905,127.23118,134.75284,129.47346,130.64602,131.91677,132.79393,131.14193,137.16634,125.08747,121.90730,130.06250,132.02016,129.21051,129.52000,130.19383,128.48319,124.85388,130.09695,129.74846,128.34567,128.37936,126.40918,121.80846,121.32165,129.53927
2026-01-15,126.20282,126.85691,122.82346,123.56872,124.42721,127.21303,126.42556,122.50917,120.25864,128.18497,125.25212,123.45592,125.36188,122.71230,125.20252,129.22171,132.15135,124.14729,125.76750,126.80047,126.92576,125.92161,125.00517,124.04331,126.35424,125.94657,125.63448,124.28793,124.86798,123.28162,123.40180,126.23637,120.75695,122.03497,124.08399,126.56963,123.34993,122.72833,122.89456,125.50913,128.30069,127.03711,124.14993,125.62111,124.87084,123.45167,125.08276,123.38285,122.29615,123.25504,124.03257,126.79449,123.59174,123.73510,125.29080,123.25429,121.08171,124.33298,122.99795,129.26918,128.48145,128.88715,127.73730,132.89128,125.77503,127.83693,124.30212,127.66106,127.29936,134.72437,129.51995,130.68093,132.00415,132.86240,131.12314,137.10259,125.20213,121.98175,130.08612,132.05739,129.17579,129.54061,130.27889,128.54579,124.84177,130.08273,129.80670,128.35067,128.44105,126.47579,121.92240,121.39724,129.57047
2026-01-16,126.25879,126.90868,122.84268,123.59607,124.46414,127.28557,126.47306,122.52065,120.24641,128.26451,125.29814,123.48191,125.38939,122.74043,125.25969,129.28518,132.19050,124.15560,125.81985,126.85276,126.98579,125.99070,125.06622,124.09059,126.41055,126.02783,125.69418,124.33271,124.90877,123.33580,123.43059,126.28575,120.78381,122.08156,124.12156,126.63367,123.37578,122.77295,122.90440,125.53563,128.33329,127.10860,124.19469,125.66987,124.92262,123.45302,125.10521,123.37163,122.31147,123.33071,124.08116,126.83991,123.63258,123.79802,125.32483,123.27669,121.11142,124.41790,123.02786,129.38489,128.56238,128.94244,127.83402,132.97699,125.87487,127.91000,124.37877,127.72026,127.37755,134.78000,129.63302,130.78228,132.17779,132.97168,131.17213,137.18856,125.23878,122.02062,130.14003,132.15577,129.22989,129.60071,130.36705,128.61452,124.86599,130.13728,129.87632,128.38955,128.51090,126.50317,121.99709,121.45067,129.87599
2026-01-17,126.28754,126.90650,122.86243,123.62625,124.48285,127.31481,126.50282,122.53335,120.28258,128.29016,125.32201,123.48545,125.39893,122.75549,125.29038,129.28650,132.28478,124.20055,125.82762,126.89124,126.96955,126.02454,125.09718,124.09908,126.43440,126.03666,125.71178,124.34174,124.90806,123.36778,123.45815,126.30432,120.79882,122.11962,124.14078,126.64189,123.40794,122.78642,123.38198,125.09055,128.37084,127.14036,124.20196,125.67127,124.92846,123.46224,125.08202,123.37976,122.32486,123.32305,124.09685,126.85497,123.64406,123.80366,125.34042,123.28619,121.13124,124.42770,123.03736,129.43273,128.59174,129.00421,127.88350,133.03916,125.91214,127.97662,124.41406,127.78167,127.42162,134.86693,129.69611,130.80711,132.24968,133.01512,131.25276,137.32719,125.24368,122.03085,130.23004,132.22525,129.31389,129.64700,130.42932,128.66435,124.93955,130.19601,129.91860,128.47366,128.53895,126.53568,121.98479,121.46188,129.77203
2026-01-18,126.38079,127.15500,123.01335,123.70904,124.67441,127.49882,126.65995,122.49398,120.31807,128.51187,125.47049,123.62813,125.61363,122.86442,125.41319,129.53076,132.25022,124.11474,126.04686,127.04762,127.19880,126.06162,125.21607,124.24585,126.61389,126.26868,125.90255,124.53844,125.13934,123.43670,123.54488,126.41348,120.91182,122.23386,124.23355,126.75794,123.49225,122.89353,123.53387,125.11204,128.41187,127.20423,124.28618,125.75122,125.01401,123.51748,125.17590,123.47318,122.36361,123.38927,124.21823,126.92789,123.71790,123.93819,125.43838,123.39423,121.23690,124.50856,123.09334,129.38365,128.59918,129.04934,127.95668,133.03946,125.98895,128.02518,124.46901,127.85647,127.52753,134.84327,129.78420,130.73865,132.18839,133.07425,131.27978,137.34482,125.42771,122.16396,130.33209,132.30435,129.32481,129.69028,130.49366,128.75435,124.99195,130.20616,130.01977,128.50470,128.62562,126.65887,122.09579,121.60115,129.85211
2026-01-19,126.40450,127.09804,123.02697,123.73067,124.66910,127.50800,126.67668,122.53511,120.35070,128.47362,125.50140,123.60040,125.56244,122.82128,125.35557,129.49605,132.44523,124.22473,125.98126,127.06717,127.12889,126.17372,125.25041,124.24389,126.59825,126.18454,125.89542,124.52271,125.09121,123.45620,123.51694,126.37298,120.91797,122.17114,124.21108,126.71844,123.50557,122.83788,123.54999,125.09195,128.41673,127.21918,124.27605,125.76104,125.02013,123.55498,125.18467,123.49939,122.41685,123.38425,124.20047,126.90918,123.73737,123.82922,125.40976,123.40744,121.20507,124.46446,123.08485,129.46214,128.64670,129.16260,128.03245,133.15525,126.04961,128.09769,124.44741,127.90937,127.56341,134.99054,129.87686,130.85113,132.31539,133.14494,131.38956,137.55138,125.36615,122.14800,130.44542,132.41907,129.48411,129.77325,130.54226,128.79097,125.09224,130.31133,130.08929,128.60368,128.68853,126.68697,122.06882,121.59310,129.91664
2026-01-20,126.43737,127.12698,123.01173,123.76502,124.69079,127.53965,126.71012,122.51795,120.34374,128.53889,125.52429,123.59337,125.62410,122.84402,125.41756,129.53297,132.46138,124.20120,126.01848,127.10669,127.17530,126.18304,125.27175,124.25486,126.64747,126.25020,125.93839,124.54026,125.11374,123.47841,123.54490,126.41371,120.92650,122.21368,124.23432,126.76024,123.53329,122.87404,123.55709,125.12958,128.46920,127.24562,124.29659,125.76435,125.02073,123.54924,125.18817,123.49684,122.40072,123.39387,124.22131,126.93509,123.74388,123.90890,125.41909,123.43691,121.21776,124.48961,123.10542,129.49245,128.70286,129.20735,128.06180,133.21274,126.10052,128.12676,124.50144,127.95904,127.61077,135.05212,129.93285,130.89731,132.39062,133.19744,131.45114,137.64712,125.40973,122.17972,130.49587,132.47923,129.53626,129.82550,130.60385,128.86461,125.14410,130.35575,130.12338,128.67748,128.74593,126.72153,122.08399,121.58452,129.95826
2026-01-21,126.78862,127.66467,123.41942,124.03709,125.02405,127.61626,126.80614,122.85377,120.71482,128.68387,125.86397,124.33262,125.97095,123.34301,125.89283,129.90388,132.45785,124.19878,126.30780,127.20497,127.82112,126.40159,125.31864,124.62097,126.79507,126.60632,126.02427,124.91347,125.51236,123.76528,123.79036,126.74570,121.50126,122.61065,124.77428,127.19969,123.80417,123.35732,124.23793,125.61342,128.68545,127.44009,124.67538,126.24270,125.45136,123.99533,125.81678,124.16811,122.78729,124.12396,124.90914,127.44031,124.28291,124.65113,126.13478,123.93944,121.74887,124.88891,123.69209,129.67454,128.76468,129.45057,128.31156,133.31729,126.21294,128.34439,124.71743,128.15264,127.86461,135.23943,130.04647,130.99621,132.44842,133.42825,131.65527,137.65518,126.10009,122.49709,130.73185,132.64416,129.70907,130.12458,130.73216,129.03629,125.40890,130.58757,130.30681,128.77489,129.04276,126.93469,122.55339,122.16229,132.14964
2026-01-22,126.53642,127.31034,123.11778,123.69686,124.78478,127.51246,126.69076,122.53902,120.34808,128.56841,125.58178,123.85128,125.72712,123.00137,125.55451,129.59767,132.39285,124.02811,126.13633,127.05275,127.44205,126.18019,125.19554,124.35491,126.62788,126.38636,125.89107,124.68288,125.27387,123.44112,123.56942,126.46777,121.10803,122.34889,124.40243,126.90293,123.57204,122.99109,123.78699,125.26675,128.53220,127.24840,124.41076,125.87508,125.16375,123.70239,125.40999,123.73036,122.49448,123.68167,124.48403,127.07351,123.92239,124.21375,125.70820,123.53053,121.33180,124.66073,123.31413,129.54098,128.67251,129.25662,128.11659,133.20822,126.11618,128.15893,124.50131,127.99304,127.66442,135.14495,129.95602,130.91474,132.44433,133.26139,131.52558,137.63582,125.64629,122.19359,130.58243,132.57808,129.59737,129.92845,130.63836,128.88339,125.21708,130.39134,130.16357,128.66434,128.83134,126.75408,122.24240,121.81600,131.23793
2026-01-23,126.65388,127.39973,123.19523,123.78461,124.89896,127.66276,126.84277,122.59498,120.41036,128.73531,125.69820,123.90536,125.86472,123.09074,125.65052,129.79105,132.56603,124.10989,126.28273,127.20194,127.54316,126.32946,125.35431,124.46429,126.76048,126.53122,126.03810,124.80584,125.38303,123.55928,123.65575,126.56845,121.18538,122.41766,124.46507,126.99435,123.66005,123.06275,123.83399,125.34392,128.66532,127.36043,124.49240,125.95495,125.24979,123.77995,125.51967,123.81507,122.57088,123.73717,124.55933,127.15165,124.01778,124.27466,125.78397,123.63335,121.37652,124.76761,123.35833,129.68105,128.83961,129.42117,128.28575,133.34920,126.32230,128.32545,124.63137,128.15691,127.84138,135.30888,130.15644,131.06930,132.62545,133.41077,131.68838,137.86642,125.72906,122.33321,130.76655,132.75482,129.76703,130.08218,130.80059,129.05487,125.37031,130.53595,130.31990,128.82770,128.97052,126.88956,122.30382,121.89506,131.06338
2026-01-24,126.66317,127.41012,123.20354,123.76727,124.92430,127.71724,126.88656,122.55208,120.36545,128.79683,125.71816,123.86933,125.88843,123.07147,125.62634,129.83898,132.61310,124.10546,126.33370,127.24050,127.55986,126.37072,125.39743,124.49474,126.78610,126.55797,126.09201,124.84245,125.41810,123.53984,123.65777,126.56082,121.17659,122.39968,124.44819,126.98403,123.65495,123.03820,123.80620,125.30477,128.68152,127.38597,124.47568,125.94680,125.26205,123.77328,125.53749,123.79388,122.55902,123.70155,124.55449,127.12113,124.00578,124.25004,125.73103,123.60593,121.35973,124.77053,123.33087,129.73547,128.86168,129.44980,128.32577,133.39269,126.37012,128.36797,124.64244,128.18749,127.88221,135.31224,130.22893,131.09677,132.68751,133.44498,131.70112,137.90995,125.70966,122.34485,130.80996,132.80673,129.80430,130.09321,130.81683,129.08173,125.38495,130.55021,130.36818,128.85259,129.00294,126.91361,122.29421,121.88354,130.83883
2026-01-25,126.60154,127.23171,123.06337,123.68946,124.80486,127.59866,126.79680,122.53293,120.33391,128.66616,125.61073,123.72210,125.75302,122.98285,125.56376,129.67155,132.70999,124.15922,126.20565,127.15352,127.39208,126.31058,125.32474,124.37764,126.68746,126.41641,125.98229,124.69577,125.26315,123.48607,123.61328,126.48469,121.08120,122.33304,124.37363,126.88828,123.59858,122.95354,123.70024,125.25867,128.68005,127.32824,124.40278,125.87006,125.17319,123.69478,125.41307,123.69521,122.49601,123.61295,124.45693,127.07020,123.93143,124.15451,125.66450,123.52586,121.24510,124.69954,123.25426,129.73075,128.86737,129.45576,128.29324,133.40939,126.35587,128.34115,124.60873,128.16061,127.83323,135.37669,130.21239,131.14495,132.73054,133.42951,131.73063,138.02787,125.57372,122.24755,130.80700,132.80197,129.85204,130.09546,130.81578,129.07365,125.39645,130.57231,130.29989,128.87044,128.95186,126.85287,122.17450,121.74595,130.67348
2026-01-26,126.74425,127.28737,123.18045,123.87406,124.90455,127.70341,126.90502,122.66231,120.48324,128.77037,125.71540,123.83659,125.84485,123.10102,125.69960,129.79300,132.89609,124.31970,126.30647,127.28852,127.47678,126.48677,125.47311,124.48005,126.81224,126.51775,126.08583,124.78478,125.35641,123.69426,123.77367,126.61196,121.19679,122.47775,124.50376,127.00187,123.73510,123.08063,123.80535,125.38981,128.80023,127.47250,124.52104,125.96964,125.28786,123.81721,125.51683,123.81727,122.63118,123.71903,124.57941,127.18059,124.03368,124.27010,125.76593,123.64836,121.39541,124.81391,123.36929,129.90414,129.08741,129.65216,128.47433,133.63109,126.52769,128.53727,124.77439,128.34230,128.00333,135.57035,130.40430,131.35547,132.93048,133.61732,131.92076,138.26447,125.67163,122.39913,131.01145,133.00184,130.05447,130.27048,131.03015,129.26112,125.57576,130.75255,130.47643,129.05935,129.11612,126.97819,122.31314,121.84760,130.73776
2026-01-27,126.66525,127.15353,123.07746,123.76532,124.81721,127.63221,126.83336,122.58977,120.40447,128.69383,125.62243,123.71142,125.74959,122.99443,125.59694,129.67837,132.88735,124.28006,126.21167,127.20508,127.34849,126.41555,125.40148,124.38162,126.72056,126.40425,126.00950,124.68423,125.24862,123.59187,123.68952,126.52121,121.09870,122.38631,124.39808,126.90228,123.66572,122.98024,123.69287,125.29537,128.73887,127.39893,124.42961,125.88049,125.19655,123.73126,125.40963,123.69803,122.54521,123.61365,124.46903,127.08836,123.94027,124.17292,125.63110,123.54621,121.27983,124.72719,123.26513,129.86968,129.03176,129.60528,128.41977,133.59433,126.48610,128.47891,124.69585,128.28538,127.93570,135.54971,130.36599,131.34015,132.92614,133.57123,131.88103,138.27575,125.54688,122.29895,130.97450,132.96919,130.03413,130.21925,130.98499,129.20982,125.54217,130.72049,130.41017,129.01837,129.05641,126.91095,122.20057,121.72952,130.56736
2026-01-28,126.58625,127.01970,122.97447,123.65657,124.72986,127.56100,126.76170,122.51723,120.32569,128.61728,125.52945,123.58625,125.65433,122.88784,125.49427,129.56374,132.87860,124.24041,126.11686,127.12164,127.22020,126.34433,125.32985,124.28319,126.62887,126.29076,125.93316,124.58369,125.14084,123.48947,123.60537,126.43046,121.00060,122.29488,124.29240,126.80268,123.59633,122.87986,123.58040,125.20094,128.67752,127.32535,124.33818,125.79135,125.10524,123.64531,125.30244,123.57880,122.45923,123.50827,124.35865,126.99612,123.84687,124.07574,125.49627,123.44406,121.16425,124.64047,123.16098,129.83523,128.97612,129.55841,128.36520,133.55758,126.44452,128.42054,124.61732,128.22845,127.86808,135.52907,130.32767,131.32484,132.92179,133.52513,131.84130,138.28702,125.42213,122.19878,130.93754,132.93654,130.01379,130.16802,130.93984,129.15852,125.50858,130.68843,130.34390,128.97739,128.99670,126.84371,122.08800,121.61144,130.39695
2026-01-29,126.52561,126.88304,122.88716,123.58820,124.64248,127.48023,126.69796,122.49122,120.29468,128.49894,125.44235,123.51003,125.56731,122.80345,125.43260,129.44225,132.91435,124.25932,125.99011,127.04684,127.09005,126.27659,125.27936,124.18522,126.53419,126.16309,125.85390,124.48403,125.01480,123.41457,123.54262,126.36192,120.91701,122.22467,124.22154,126.72644,123.54689,122.80155,123.48735,125.15473,128.65247,127.28329,124.26096,125.72264,125.02569,123.58565,125.19824,123.48916,122.39652,123.41548,124.27439,126.92735,123.79197,124.01801,125.37040,123.35106,121.08610,124.56829,123.08019,129.81027,128.94897,129.53866,128.31567,133.55247,126.39544,128.37889,124.55628,128.19162,127.79661,135.55032,130.29586,131.31486,132.93807,133.49999,131.82881,138.36203,125.29416,122.09282,130.93344,132.93145,130.01903,130.14337,130.93171,129.12216,125.48928,130.68178,130.30722,128.94437,128.92933,126.78802,121.97997,121.51474,130.32894
2026-01-30,126.64763,127.00433,123.01447,123.68812,124.76667,127.59885,126.80764,122.59872,120.41207,128.62617,125.54725,123.64468,125.67835,122.92428,125.54826,129.58785,133.00903,124.34941,126.10662,127.15501,127.20319,126.40159,125.39658,124.30419,126.66087,126.29606,125.97726,124.61129,125.14893,123.51960,123.63936,126.47491,121.02070,122.34111,124.33582,126.84173,123.67198,122.91981,123.60840,125.25791,128.73175,127.38853,124.36752,125.82997,125.13565,123.69740,125.33417,123.60644,122.49692,123.52387,124.39256,127.03692,123.88970,124.15995,125.45132,123.45847,121.18102,124.68298,123.17334,129.94108,129.07527,129.67206,128.44349,133.70757,126.52393,128.51689,124.67581,128.32661,127.92627,135.67873,130.41669,131.42162,133.06001,133.63260,131.94221,138.50387,125.41068,122.20700,131.08744,133.06645,130.14064,130.29562,131.07559,129.25464,125.61580,130.80020,130.43834,129.06602,129.06780,126.93734,122.09399,121.66091,130.65533
2026-01-31,126.67017,127.11662,123.05026,123.67945,124.84013,127.67101,126.86035,122.53191,120.35553,128.72549,125.58523,123.68893,125.77195,122.94722,125.57433,129.69209,132.95916,124.25924,126.21352,127.20357,127.32135,126.42947,125.43593,124.38707,126.72210,126.41567,126.05555,124.68199,125.25601,123.52238,123.64720,126.50191,121.04088,122.37029,124.34066,126.87051,123.67176,122.95567,123.63079,125.21454,128.68549,127.37985,124.38604,125.84791,125.16435,123.69787,125.38514,123.62057,122.49111,123.54149,124.42839,127.03736,123.89931,124.09595,125.58543,123.46817,121.20274,124.72374,123.17881,129.96151,129.07404,129.66655,128.47023,133.69310,126.56807,128.52594,124.70544,128.34493,127.98253,135.63149,130.45877,131.39755,133.07472,133.66230,131.93126,138.45490,125.48468,122.26417,131.09308,133.08481,130.11247,130.28660,131.08287,129.27919,125.59886,130.78074,130.46336,129.06523,129.10509,126.95040,122.15345,121.71290,130.52082
2026-02-01,126.74054,127.18969,123.09794,123.75770,124.89407,127.75642,126.90662,122.55574,120.34533,128.82661,125.65890,123.73505,125.81889,122.99317,125.63798,129.76695,133.01325,124.27301,126.28018,127.29989,127.39558,126.53563,125.49064,124.47934,126.82728,126.50118,126.14514,124.68442,125.35948,123.64835,123.68671,126.56142,121.09021,122.43036,124.38711,126.95135,123.69464,123.03724,123.64543,125.27809,128.75972,127.43182,124.44054,125.90787,125.23373,123.71357,125.47885,123.64218,122.54917,123.61648,124.49863,127.08380,123.95080,124.20908,125.61702,123.52342,121.26972,124.80647,123.21729,130.08548,129.15059,129.72958,128.57778,133.80969,126.69929,128.61849,124.82850,128.42878,128.10594,135.71688,130.60106,131.47766,133.19069,133.78028,132.00265,138.53818,125.55283,122.34849,131.15090,133.18332,130.18058,130.35783,131.16301,129.36134,125.64039,130.86746,130.52372,129.13306,129.21593,126.95002,122.24469,121.78779,130.52899
2026-02-02,126.83596,127.29349,123.15453,123.86598,124.98133,127.86275,127.00693,122.63461,120.42776,128.95610,125.75466,123.79135,125.90366,123.06097,125.72469,129.85969,133.14247,124.35172,126.37541,127.42283,127.46112,126.64691,125.58268,124.53818,126.94414,126.57300,126.23747,124.75128,125.43489,123.75602,123.77508,126.65048,121.16684,122.51469,124.45806,127.04242,123.78488,123.10860,123.61701,125.48032,128.86645,127.51887,124.52759,125.99188,125.30278,123.79355,125.55535,123.72972,122.59809,123.68985,124.57000,127.18379,124.01699,124.26249,125.71644,123.62675,121.31163,124.87202,123.29020,130.17508,129.26997,129.84996,128.68615,133.94287,126.81705,128.74348,124.92662,128.53468,128.21969,135.86601,130.73789,131.57304,133.33226,133.88814,132.14232,138.74246,125.62061,122.41595,131.28960,133.31656,130.32115,130.46913,131.29878,129.48295,125.75476,130.98384,130.61899,129.28574,129.31311,127.05697,122.27296,121.82412,130.61788
2026-02-03,126.77763,127.10723,123.04765,123.81753,124.86054,127.74793,126.93018,122.60227,120.38917,128.81039,125.68478,123.67883,125.75633,122.95408,125.61470,129.69561,133.25130,124.40105,126.22175,127.34273,127.28157,126.63123,125.52390,124.41049,126.83032,126.42195,126.11402,124.59676,125.27054,123.68242,123.71289,126.56136,121.08187,122.41321,124.38017,126.94140,123.71026,123.00226,123.21666,125.71284,128.81243,127.46627,124.42142,125.90076,125.19870,123.72224,125.42060,123.63598,122.54320,123.57012,124.46229,127.09890,123.93804,124.09797,125.61528,123.53728,121.21945,124.76923,123.20880,130.19096,129.28224,129.88253,128.66399,133.98897,126.77791,128.73946,124.85395,128.52029,128.16093,135.93558,130.75510,131.65340,133.41065,133.87464,132.17934,138.89514,125.47477,122.29928,131.32878,133.34373,130.39727,130.45774,131.29589,129.45993,125.78095,131.02085,130.59646,129.31822,129.28396,126.97021,122.16588,121.70277,130.83453
2026-02-04,126.65170,126.91585,122.90672,123.67790,124.70234,127.57777,126.79421,122.51146,120.29773,128.61597,125.54458,123.53529,125.59942,122.82353,125.46965,129.50406,133.22622,124.34888,126.05689,127.19028,127.10067,126.50349,125.39222,124.25810,126.66926,126.24635,125.95685,124.44643,125.09485,123.52351,123.58824,126.43531,120.95055,122.29079,124.25572,126.79687,123.58687,122.88002,123.23082,125.44772,128.68288,127.35064,124.29089,125.77059,125.06295,123.59728,125.27296,123.50713,122.43137,123.43488,124.30244,126.96554,123.80610,123.92180,125.47079,123.39753,121.08320,124.62059,123.08329,130.11346,129.18794,129.80889,128.56626,133.88882,126.66794,128.63583,124.70186,128.41702,128.04094,135.87430,130.66134,131.60959,133.34995,133.78573,132.11411,138.88084,125.31156,122.16380,131.25275,133.26251,130.34424,130.37115,131.20392,129.36196,125.71501,130.95286,130.48856,129.22559,129.16980,126.83390,122.00732,121.53748,130.44373
2026-02-05,126.79085,127.11939,123.02930,123.85154,124.87834,127.76489,126.95141,122.54578,120.38244,128.80600,125.69037,123.71312,125.77013,122.96356,125.65231,129.71607,133.25542,124.35174,126.21766,127.34424,127.28995,126.61086,125.55378,124.40202,126.84828,126.45823,126.13927,124.62792,125.27510,123.66454,123.74071,126.58078,121.05638,122.44722,124.37734,126.94540,123.69559,123.03530,123.23974,125.67823,128.76651,127.46796,124.39955,125.85379,125.15929,123.66636,125.31393,123.59729,122.50531,123.54754,124.43120,127.05897,123.91465,124.07553,125.58332,123.50404,121.25706,124.76161,123.16952,130.23125,129.35105,129.93127,128.72413,134.04991,126.83146,128.77686,124.87960,128.58518,128.20182,135.97290,130.81508,131.68674,133.50640,133.95806,132.22112,139.02501,125.49039,122.32882,131.43774,133.44704,130.45337,130.51190,131.39052,129.52328,125.82942,131.05220,130.66087,129.35092,129.31652,126.98676,122.19460,121.71163,130.61600
2026-02-06,126.73779,127.02884,122.95133,123.77788,124.80060,127.69452,126.89699,122.53560,120.36426,128.72355,125.63299,123.63974,125.67874,122.89922,125.59052,129.60697,133.27412,124.37828,126.12703,127.27887,127.19155,126.56079,125.51205,124.32082,126.77930,126.35676,126.06808,124.54748,125.18251,123.56086,123.68712,126.53645,120.99230,122.38803,124.33148,126.89003,123.65215,122.97707,123.33572,125.47405,128.73300,127.42978,124.34250,125.80111,125.09313,123.61403,125.21377,123.53364,122.46088,123.48508,124.36096,127.01834,123.86620,123.97349,125.52478,123.43543,121.16197,124.70585,123.12302,130.23262,129.32110,129.91161,128.66260,134.06892,126.78257,128.73253,124.79928,128.53805,128.12194,135.97116,130.77214,131.71098,133.51251,133.92307,132.19267,139.03643,125.39425,122.22274,131.41948,133.41362,130.44185,130.48262,131.36610,129.47804,125.80454,131.02337,130.61741,129.33819,129.26480,126.94026,122.10887,121.62826,130.55176
2026-02-07,126.72608,127.06071,122.94095,123.73184,124.80856,127.71501,126.90434,122.44618,120.28118,128.75614,125.63586,123.63288,125.72418,122.86825,125.56618,129.64907,133.26611,124.27954,126.17527,127.28683,127.24339,126.54925,125.51675,124.32902,126.78985,126.39175,126.09546,124.55205,125.21400,123.52559,123.63888,126.51045,120.97219,122.35962,124.28427,126.86166,123.60707,122.95017,123.54308,125.18565,128.70035,127.39650,124.30995,125.77604,125.08286,123.55378,125.19074,123.49570,122.40658,123.46228,124.33588,126.98321,123.82544,123.96059,125.49179,123.41157,121.14083,124.68236,123.08248,130.20062,129.30946,129.88958,128.64970,134.02040,126.79727,128.71144,124.78181,128.52581,128.14579,135.95666,130.80262,131.67729,133.52963,133.93784,132.19534,139.06880,125.41205,122.23112,131.41420,133.44131,130.43903,130.45855,131.35374,129.48567,125.79765,131.02633,130.60463,129.32640,129.25649,126.89202,122.09506,121.63009,130.58952
2026-02-08,126.70557,126.96258,122.88688,123.67434,124.74756,127.66156,126.85274,122.43301,120.22704,128.69391,125.61465,123.56319,125.65437,122.80099,125.48043,129.57867,133.39412,124.32339,126.10873,127.26615,127.16038,126.59558,125.46988,124.28894,126.75066,126.28830,126.06417,124.47236,125.12740,123.48518,123.57364,126.44397,120.92936,122.28442,124.23189,126.81374,123.56333,122.87628,123.48983,125.13638,128.67866,127.37338,124.26714,125.75478,125.04936,123.51390,125.12912,123.42560,122.38366,123.40924,124.27663,126.94219,123.80347,123.89433,125.43765,123.39364,121.05090,124.63669,123.03947,130.24344,129.30569,129.93082,128.67685,134.04473,126.83228,128.73627,124.73937,128.52599,128.16873,136.04987,130.87614,131.70776,133.61096,133.97011,132.28253,139.25547,125.33876,122.17263,131.45114,133.51148,130.53829,130.49020,131.36655,129.49109,125.84496,131.10306,130.59449,129.36549,129.26537,126.83576,122.00807,121.55357,130.59245
2026-02-09,126.88658,127.16236,123.06332,123.85483,124.91807,127.86139,127.04378,122.57604,120.37227,128.89247,125.80469,123.73455,125.83931,122.95955,125.63725,129.79323,133.56783,124.44053,126.28932,127.45901,127.34527,126.81141,125.65820,124.47616,126.94891,126.48599,126.25657,124.63958,125.32942,123.65249,123.76020,126.62972,121.10000,122.44875,124.40084,126.98931,123.70674,123.05378,123.63844,125.29644,128.83430,127.54795,124.42624,125.91820,125.21531,123.67532,125.28991,123.59290,122.55258,123.57515,124.44868,127.10501,123.96099,124.04678,125.60571,123.57576,121.17712,124.79213,123.20069,130.47012,129.48383,130.14012,128.89496,134.26461,127.04037,128.95319,124.93839,128.73793,128.38120,136.25570,131.10575,131.88880,133.82882,134.15689,132.47294,139.45229,125.51677,122.35466,131.66106,133.71981,130.72361,130.67655,131.57613,129.67798,126.00156,131.28462,130.80425,129.56211,129.47324,126.99465,122.15692,121.71016,130.76870
2026-02-10,126.88592,127.01161,123.00566,123.83033,124.81785,127.75200,127.01185,122.69624,120.46801,128.73426,125.75919,123.66666,125.71677,122.92855,125.57054,129.63410,133.78392,124.63783,126.13924,127.38754,127.17135,126.82989,125.62198,124.39158,126.83185,126.31323,126.16102,124.53129,125.17470,123.59112,123.78056,126.61643,121.08146,122.39572,124.40540,126.95194,123.71893,123.02486,123.33660,125.61396,128.87260,127.57143,124.41741,125.92503,125.16991,123.71059,125.19150,123.59713,122.61073,123.51755,124.38789,127.12306,123.96189,123.90829,125.58443,123.57132,121.08738,124.71971,123.21485,130.54659,129.57229,130.27018,128.94073,134.37436,127.06664,129.03722,124.91167,128.78465,128.36917,136.43949,131.15336,132.08101,133.97885,134.20172,132.59698,139.69593,125.39351,122.28127,131.77300,133.82267,130.88276,130.79763,131.66797,129.72270,126.09972,131.38680,130.86646,129.66852,129.51281,127.01717,122.00901,121.60675,130.72995
2026-02-11,126.89859,127.11657,123.03746,123.81944,124.86427,127.80483,127.03715,122.65388,120.45261,128.80742,125.77597,123.71165,125.79568,122.96579,125.59116,129.73870,133.71732,124.56170,126.22082,127.40155,127.27114,126.79418,125.64007,124.43099,126.87223,126.40019,126.21597,124.60058,125.25701,123.56534,123.80723,126.63999,121.07029,122.36351,124.39422,126.96822,123.71068,123.03249,123.21823,125.76638,128.84831,127.55773,124.43184,125.94479,125.18884,123.71157,125.21892,123.62567,122.60089,123.52026,124.40750,127.13965,123.93891,123.92716,125.59643,123.55773,121.12661,124.70394,123.22135,130.52167,129.56519,130.25140,128.93290,134.35762,127.07081,129.01494,124.93538,128.81056,128.38570,136.39377,131.14176,132.04468,133.95191,134.22194,132.58372,139.63999,125.45199,122.32184,131.78264,133.82578,130.83826,130.77458,131.69202,129.73780,126.07786,131.35902,130.88923,129.64456,129.52401,127.03881,122.11328,121.68315,130.73914
2026-02-12,126.55611,126.92017,122.76510,123.37478,124.51287,127.24240,126.62597,122.43822,120.25699,128.23590,125.40339,123.75573,125.48953,122.72600,125.30592,129.33397,133.39790,124.22001,125.82896,126.85582,127.18780,126.44377,125.09291,124.16003,126.35632,125.97789,125.72086,124.25529,124.87189,123.12769,123.38577,126.25538,120.82964,122.11095,124.12426,126.58680,123.25422,122.83446,123.02105,125.42940,128.40860,127.07059,124.07554,125.60908,124.83794,123.38215,125.00343,123.40829,122.29092,123.45965,124.22360,126.78587,123.71131,123.82602,125.43716,123.21813,121.06292,124.38461,123.04147,130.17310,129.03202,129.93873,128.47082,133.92227,126.44273,128.57791,124.42138,128.36339,127.89160,135.97088,130.68544,131.68812,133.53332,133.87988,132.22235,139.15459,125.27903,121.92188,131.35897,133.40763,130.44732,130.32890,131.18198,129.26602,125.78354,130.99141,130.42192,129.17864,129.10914,126.44006,121.81479,121.40975,131.50190
2026-02-13,126.48633,126.76343,122.66212,123.30003,124.41309,127.14967,126.55144,122.35539,120.17311,128.14532,125.27293,123.57873,125.38600,122.63031,125.23766,129.18289,133.43933,124.22155,125.74488,126.77048,127.02274,126.37012,125.03889,124.05171,126.24760,125.88514,125.63921,124.17162,124.74054,123.05873,123.34280,126.18873,120.73077,122.04919,124.03203,126.50699,123.18688,122.73928,122.88912,125.37422,128.43192,127.04944,124.01518,125.50729,124.77520,123.31073,124.87815,123.31042,122.22818,123.33974,124.11359,126.68743,123.63407,123.71766,125.31529,123.09531,120.97089,124.33942,122.94374,130.16607,129.04983,129.90538,128.43042,133.91427,126.45240,128.52469,124.34177,128.34650,127.87006,135.92089,130.68340,131.71070,133.55593,133.85311,132.17974,139.20867,125.13158,121.87217,131.33366,133.38042,130.41698,130.30673,131.22310,129.24223,125.75062,130.93486,130.41345,129.16756,129.05821,126.42349,121.75313,121.33226,130.97316
2026-02-14,126.39384,126.89985,122.73013,123.14370,124.39362,126.95769,126.37633,122.40324,120.13620,128.01726,125.15825,123.65783,125.48803,122.59510,125.26966,129.20224,132.86752,123.91965,125.73350,126.54299,127.17838,126.12371,124.77870,124.04402,126.07952,125.92515,125.48903,124.32613,124.70195,122.88805,123.25388,126.20664,120.77826,122.05337,124.05920,126.60511,123.15895,122.74920,123.36273,125.02296,128.24346,126.93902,124.05399,125.64146,124.79522,123.30066,124.92579,123.42107,122.17817,123.43359,124.21341,126.82051,123.80978,123.91924,125.47016,123.09859,121.03659,124.34188,123.01009,129.85769,128.67524,129.63214,128.17200,133.53621,126.22141,128.24213,124.21372,128.13933,127.67496,135.55819,130.26964,131.25824,133.03345,133.65979,131.77966,138.59091,125.30237,121.84287,131.00967,133.07156,129.89041,130.18771,131.06142,128.94804,125.49346,130.63624,130.22883,128.68997,128.84758,126.34136,121.80740,121.40783,132.01782
2026-02-15,126.59437,127.04475,122.82146,123.33815,124.54219,127.22598,126.57586,122.42010,120.18333,128.28440,125.33433,123.65032,125.65083,122.67940,125.44968,129.36562,133.29985,124.08678,125.92302,126.77029,127.29340,126.38046,125.02012,124.16710,126.33385,126.12513,125.71953,124.46909,124.82214,123.07855,123.40862,126.36018,120.89396,122.15901,124.18262,126.75734,123.29506,122.82386,123.52529,125.10532,128.60022,127.16317,124.17902,125.73060,124.91685,123.43087,125.07354,123.54940,122.27775,123.49489,124.31783,126.92977,123.94008,124.01576,125.56089,123.27245,121.06083,124.51969,123.10374,130.13656,129.03333,129.91598,128.46301,133.90562,126.58760,128.53974,124.45459,128.40583,127.96258,135.94542,130.68727,131.58781,133.50480,133.91446,132.14476,139.16052,125.40638,121.98316,131.36050,133.49535,130.28148,130.43079,131.41166,129.29712,125.73285,130.92430,130.52387,129.09302,129.08809,126.61241,121.88056,121.45517,131.65741
2026-02-16,126.61856,126.97585,122.75474,123.33463,124.49697,127.22255,126.59559,122.44615,120.19079,128.27809,125.33269,123.57504,125.58545,122.63949,125.43713,129.29499,133.54116,124.22036,125.86765,126.79220,127.21873,126.46182,125.07012,124.12320,126.32347,126.05126,125.72993,124.40801,124.72983,123.11578,123.40201,126.34695,120.86674,122.11704,124.16455,126.72768,123.29178,122.77496,123.47188,125.09805,128.66649,127.18826,124.15216,125.70544,124.89230,123.42029,125.02901,123.50248,122.28427,123.44611,124.28029,126.91526,123.94098,123.94065,125.52053,123.25177,121.01595,124.50706,123.07494,130.26999,129.13518,130.03995,128.54936,134.04184,126.70552,128.64973,124.48429,128.47887,128.01595,136.14779,130.82533,131.75640,133.71286,134.00363,132.29314,139.44827,125.31857,121.94026,131.48507,133.64408,130.46025,130.52574,131.51147,129.41143,125.83223,131.04964,130.59980,129.24663,129.14273,126.62520,121.82599,121.37208,131.54776
2026-02-17,126.83609,127.46228,123.02124,123.54911,124.71915,127.36502,126.71038,122.59445,120.30672,128.49513,125.60659,123.94167,125.83197,122.87980,125.76320,129.58872,133.59160,124.24292,126.06362,126.94244,127.74330,126.66606,125.16428,124.37888,126.53294,126.35036,125.89682,124.63124,125.03722,123.33554,123.52773,126.59614,121.22848,122.32093,124.48852,127.05366,123.42557,123.06766,123.82123,125.36677,128.83741,127.30259,124.34582,126.02601,125.12587,123.58025,125.49616,123.85007,122.46474,123.87233,124.63557,127.24640,124.35546,124.38935,125.89815,123.56526,121.34704,124.72544,123.38398,130.43384,129.20170,130.19795,128.70833,134.25108,126.88924,128.79677,124.73014,128.65332,128.19868,136.18216,130.98431,131.76797,133.84960,134.18587,132.33585,139.39000,125.77253,122.14409,131.53586,133.76943,130.49883,130.61842,131.59924,129.52007,125.92369,131.13929,130.67524,129.30930,129.41199,126.69403,122.11532,121.69534,131.98209
2026-02-18,126.91871,127.33454,122.99822,123.64241,124.72357,127.44887,126.78362,122.63183,120.31156,128.55695,125.62616,123.81604,125.82479,122.85796,125.73309,129.54426,133.97842,124.43482,126.05986,127.06883,127.56709,126.84765,125.26820,124.36431,126.62238,126.34332,125.96084,124.60119,124.98263,123.45634,123.58870,126.64293,121.18831,122.32728,124.45833,127.07001,123.46926,123.06182,123.43010,125.71773,129.02691,127.47723,124.39127,126.01201,125.15162,123.63525,125.42589,123.79857,122.52357,123.78537,124.58227,127.22151,124.32343,124.25758,125.81979,123.51924,121.33349,124.76070,123.34493,130.65574,129.45272,130.41142,128.87552,134.50781,127.10458,129.00964,124.83438,128.86163,128.37433,136.52056,131.26994,132.07064,134.19863,134.34833,132.64274,139.90271,125.63632,122.14289,131.79229,134.05832,130.81843,130.81083,131.88297,129.70652,126.12729,131.34482,130.88561,129.60454,129.52959,126.75299,122.10886,121.66755,131.87087
2026-02-19,126.97521,127.34015,123.01700,123.68904,124.78668,127.51935,126.86088,122.63758,120.34679,128.66141,125.66389,123.81104,125.90661,122.87911,125.77360,129.60041,134.07945,124.46088,126.15576,127.16680,127.56649,126.89606,125.34576,124.41748,126.71687,126.45246,126.04914,124.67691,125.05037,123.51367,123.65555,126.68318,121.19495,122.39057,124.45937,127.09222,123.52416,123.09876,123.26070,125.92112,129.07792,127.53227,124.42173,126.01587,125.18133,123.65955,125.41979,123.80629,122.55035,123.76599,124.58117,127.24392,124.30505,124.27109,125.81312,123.54508,121.34665,124.80038,123.34530,130.71747,129.57066,130.51249,128.97131,134.59227,127.21612,129.08697,124.88227,128.94311,128.47985,136.63019,131.37933,132.16551,134.31529,134.44263,132.74190,140.07313,125.65417,122.21745,131.91357,134.15428,130.92436,130.89693,131.99252,129.83354,126.23180,131.43211,130.96969,129.71318,129.61517,126.84003,122.13001,121.67769,131.79269
2026-02-20,127.07157,127.40386,123.08242,123.77338,124.87683,127.63615,126.96824,122.69625,120.40541,128.80257,125.75359,123.87067,125.99089,122.94278,125.83462,129.71452,134.21067,124.52124,126.26327,127.27827,127.63714,127.00625,125.45759,124.50084,126.81600,126.55583,126.16947,124.77087,125.15621,123.60169,123.73409,126.76035,121.25668,122.44516,124.51765,127.17404,123.62519,123.16516,123.51156,125.79132,129.17126,127.63001,124.48955,126.08143,125.25562,123.74085,125.49176,123.87179,122.62280,123.81340,124.64174,127.30408,124.37724,124.28337,125.88702,123.60892,121.38538,124.88004,123.39215,130.82285,129.67755,130.63124,129.09769,134.70666,127.35272,129.20537,124.97337,129.05152,128.59880,136.77074,131.51977,132.28682,134.46714,134.56680,132.85961,140.24968,125.70256,122.30176,132.06725,134.30496,131.05819,131.02060,132.12137,129.95648,126.34056,131.53229,131.10041,129.81583,129.72162,126.97002,122.19219,121.77162,132.16301
2026-02-21,126.97715,127.47631,123.02984,123.65723,124.78704,127.48972,126.85406,122.62188,120.35968,128.62914,125.71013,123.97325,125.88907,122.89389,125.81273,129.63899,134.04817,124.34403,126.13298,127.10084,127.72596,126.79623,125.26480,124.41332,126.64808,126.42502,126.01950,124.67199,125.05550,123.49916,123.62451,126.62519,121.24957,122.37516,124.49623,127.06078,123.47673,123.11649,123.84541,125.40759,128.99115,127.41029,124.36636,126.04380,125.13950,123.63888,125.50180,123.86022,122.49957,123.87886,124.69113,127.25226,124.37631,124.37409,125.93957,123.60192,121.42570,124.74143,123.38129,130.65501,129.42920,130.52585,128.92186,134.50643,127.08341,129.02895,124.81983,128.84691,128.40774,136.64366,131.37413,132.13649,134.31430,134.44944,132.76096,140.04062,125.76114,122.20888,131.93918,134.16779,130.94116,130.88613,131.87482,129.82069,126.25624,131.43375,130.92709,129.65653,129.58993,126.75052,122.15963,121.67677,132.54390
2026-02-22,127.18629,127.60671,123.16512,123.88376,124.94463,127.71785,127.04246,122.72050,120.47822,128.85466,125.89345,124.01916,126.06642,123.03088,125.98960,129.80497,134.37379,124.53278,126.31831,127.33715,127.85649,127.07497,125.50812,124.56021,126.86503,126.64530,126.22099,124.81286,125.18722,123.72873,123.83770,126.81920,121.39759,122.54125,124.64953,127.24767,123.64046,123.27929,123.95670,125.57946,129.26501,127.65339,124.55650,126.17455,125.30169,123.80118,125.64617,123.98826,122.64468,124.00201,124.83658,127.40299,124.51627,124.51521,126.06688,123.77776,121.51291,124.94212,123.53760,130.98061,129.76401,130.78727,129.18628,134.82656,127.39066,129.30098,125.10000,129.11953,128.67428,136.93101,131.70378,132.43696,134.68202,134.70539,133.04988,140.47563,125.89352,122.36518,132.23459,134.48520,131.23907,131.13203,132.21737,130.10754,126.49751,131.67045,131.20911,129.99327,129.84420,126.97002,122.28813,121.80351,132.75551
2026-02-23,127.21396,127.61654,123.17684,123.89632,124.96108,127.73671,127.06154,122.73530,120.48830,128.87290,125.90811,124.03123,126.08158,123.03795,125.99871,129.81967,134.44908,124.55145,126.33137,127.35509,127.86527,127.11365,125.52793,124.57450,126.88038,126.65852,126.24119,124.82651,125.19975,123.74212,123.85215,126.83427,121.40305,122.54992,124.65902,127.26269,123.65419,123.28828,123.95133,125.60138,129.28874,127.67856,124.56955,126.18716,125.31608,123.81572,125.65842,123.99247,122.65701,124.00872,124.84546,127.41531,124.52231,124.51912,126.07645,123.78433,121.52177,124.95255,123.54558,131.02949,129.80607,130.84289,129.23180,134.88790,127.44504,129.34399,125.11852,129.16358,128.71891,137.00310,131.77940,132.49166,134.77817,134.76269,133.11273,140.59890,125.89972,122.37877,132.30490,134.56516,131.30486,131.18038,132.27712,130.15234,126.54573,131.72335,131.25185,130.04042,129.88848,126.98595,122.29884,121.81510,132.81878
2026-02-24,127.24164,127.62636,123.18856,123.90888,124.97752,127.75557,127.08063,122.75011,120.49838,128.89114,125.92277,124.04330,126.09675,123.04503,126.00781,129.83438,134.52438,124.57013,126.34444,127.37302,127.87405,127.15232,125.54773,124.58878,126.89572,126.67173,126.26138,124.84017,125.21229,123.75552,123.86661,126.84934,121.40850,122.55859,124.66851,127.27771,123.66792,123.29726,123.94596,125.62330,129.31247,127.70372,124.58259,126.19978,125.33047,123.83026,125.67067,123.99668,122.66934,124.01543,124.85435,127.42762,124.52835,124.52303,126.08603,123.79091,121.53063,124.96297,123.55356,131.07836,129.84814,130.89850,129.27732,134.94924,127.49941,129.38700,125.13705,129.20762,128.76353,137.07519,131.85502,132.54636,134.87433,134.81999,133.17558,140.72218,125.90593,122.39236,132.37520,134.64512,131.37064,131.22874,132.33687,130.19714,126.59395,131.77624,131.29459,130.08757,129.93275,127.00189,122.30955,121.82669,132.88204
2026-02-25,127.26931,127.63618,123.20028,123.92144,124.99397,127.77443,127.09972,122.76491,120.50846,128.90938,125.93743,124.05536,126.11192,123.05210,126.01692,129.84909,134.59967,124.58880,126.35750,127.39096,127.88283,127.19099,125.56753,124.60306,126.91106,126.68495,126.28158,124.85382,125.22483,123.76891,123.88106,126.86440,121.41396,122.56726,124.67800,127.29274,123.68165,123.30625,123.94058,125.64522,129.33620,127.72888,124.59563,126.21240,125.34487,123.84480,125.68293,124.00089,122.68166,124.02214,124.86324,127.43993,124.53439,124.52695,126.09560,123.79748,121.53949,124.97340,123.56154,131.12724,129.89020,130.95412,129.32284,135.01058,127.55379,129.43002,125.15557,129.25167,128.80816,137.14729,131.93064,132.60106,134.97049,134.87728,133.23843,140.84546,125.91213,122.40595,132.44550,134.72509,131.43643,131.27709,132.39662,130.24194,126.64218,131.82914,131.33733,130.13472,129.97703,127.01782,122.32026,121.83827,132.94530
2026-02-26,127.29699,127.64600,123.21200,123.93400,125.01042,127.79329,127.11881,122.77971,120.51854,128.92762,125.95209,124.06743,126.12709,123.05917,126.02603,129.86380,134.67496,124.60747,126.37057,127.40890,127.89161,127.22967,125.58734,124.61735,126.92641,126.69817,126.30178,124.86747,125.23737,123.78230,123.89552,126.87947,121.41941,122.57592,124.68749,127.30776,123.69539,123.31524,123.93521,125.66714,129.35993,127.75404,124.60868,126.22501,125.35926,123.85935,125.69518,124.00509,122.69399,124.02884,124.87213,127.45224,124.54043,124.53086,126.10517,123.80405,121.54835,124.98383,123.56951,131.17611,129.93227,131.00973,129.36836,135.07192,127.60816,129.47303,125.17410,129.29571,128.85279,137.21938,132.00625,132.65577,135.06665,134.93458,133.30128,140.96874,125.91834,122.41954,132.51580,134.80505,131.50222,131.32544,132.45637,130.28674,126.69040,131.88204,131.38007,130.18187,130.02130,127.03376,122.33098,121.84986,133.00856
2026-02-27,127.32467,127.65583,123.22372,123.94657,125.02687,127.81215,127.13789,122.79451,120.52862,128.94586,125.96675,124.07950,126.14225,123.06624,126.03514,129.87850,134.75025,124.62614,126.38363,127.42683,127.90039,127.26834,125.60714,124.63163,126.94175,126.71138,126.32198,124.88113,125.24990,123.79570,123.90997,126.89453,121.42487,122.58459,124.69697,127.32278,123.70912,123.32422,123.92984,125.68906,129.38366,127.77920,124.62172,126.23763,125.37365,123.87389,125.70743,124.00930,122.70632,124.03555,124.88101,127.46455,124.54647,124.53477,126.11475,123.81063,121.55721,124.99426,123.57749,131.22499,129.97433,131.06535,129.41388,135.13326,127.66253,129.51604,125.19262,129.33976,128.89741,137.29147,132.08187,132.71047,135.16281,134.99187,133.36413,141.09201,125.92454,122.43313,132.58611,134.88501,131.56800,131.37380,132.51612,130.33154,126.73862,131.93493,131.42281,130.22902,130.06558,127.04970,122.34169,121.86145,133.07182
2026-02-28,127.35234,127.66565,123.23544,123.95913,125.04331,127.83102,127.15698,122.80931,120.53870,128.96411,125.98141,124.09157,126.15742,123.07332,126.04425,129.89321,134.82554,124.64481,126.39670,127.44477,127.90916,127.30702,125.62694,124.64592,126.95709,126.72460,126.34218,124.89478,125.26244,123.80909,123.92442,126.90960,121.43032,122.59326,124.70646,127.33781,123.72285,123.33321,123.92447,125.71098,129.40740,127.80436,124.63476,126.25024,125.38804,123.88843,125.71968,124.01351,122.71865,124.04226,124.88990,127.47686,124.55251,124.53868,126.12432,123.81720,121.56607,125.00468,123.58547,131.27386,130.01640,131.12096,129.45940,135.19460,127.71691,129.55906,125.21115,129.38380,128.94204,137.36357,132.15749,132.76517,135.25897,135.04917,133.42698,141.21529,125.93074,122.44672,132.65641,134.96498,131.63379,131.42215,132.57587,130.37634,126.78684,131.98783,131.46555,130.27617,130.10985,127.06563,122.35240,121.87303,133.13508
2026-02-29,127.38002,127.67547,123.24716,123.97169,125.05976,127.84988,127.17607,122.82411,120.54878,128.98235,125.99606,124.10364,126.17259,123.08039,126.05336,129.90792,134.90083,124.66348,126.40976,127.46270,127.91794,127.34569,125.64674,124.66020,126.97244,126.73782,126.36238,124.90844,125.27498,123.82248,123.93888,126.92467,121.43578,122.60193,124.71595,127.35283,123.73658,123.34220,123.91909,125.73290,129.43113,127.82952,124.64781,126.26286,125.40243,123.90297,125.73193,124.01772,122.73098,124.04897,124.89879,127.48917,124.55855,124.54260,126.13390,123.82377,121.57493,125.01511,123.59345,131.32274,130.05846,131.17658,129.50492,135.25594,127.77128,129.60207,125.22968,129.42784,128.98667,137.43566,132.23311,132.81987,135.35513,135.10647,133.48983,141.33857,125.93695,122.46031,132.72671,135.04494,131.69958,131.47051,132.63562,130.42113,126.83507,132.04072,131.50829,130.32332,130.15413,127.08157,122.36312,121.88462,133.19835
2026-03-01,127.40770,127.68529,123.25888,123.98425,125.07621,127.86874,127.19515,122.83891,120.55886,129.00059,126.01072,124.11571,126.18776,123.08746,126.06246,129.92263,134.97612,124.68215,126.42283,127.48064,127.92672,127.38437,125.66655,124.67449,126.98778,126.75103,126.38258,124.92209,125.28752,123.83588,123.95333,126.93973,121.44124,122.61059,124.72544,127.36785,123.75031,123.35118,123.91372,125.75482,129.45486,127.85468,124.66085,126.27548,125.41682,123.91752,125.74418,124.02193,122.74331,124.05568,124.90768,127.50149,124.56459,124.54651,126.14347,123.83035,121.58379,125.02554,123.60142,131.37161,130.10053,131.23219,129.55044,135.31728,127.82566,129.64508,125.24820,129.47189,129.03130,137.50775,132.30872,132.87458,135.45129,135.16376,133.55268,141.46185,125.94315,122.47390,132.79701,135.12490,131.76536,131.51886,132.69538,130.46593,126.88329,132.09362,131.55103,130.37047,130.19841,127.09750,122.37383,121.89621,133.26161
2026-03-02,127.43537,127.69512,123.27060,123.99681,125.09265,127.88760,127.21424,122.85371,120.56894,129.01883,126.02538,124.12778,126.20292,123.09453,126.07157,129.93734,135.05141,124.70082,126.43589,127.49857,127.93550,127.42304,125.68635,124.68877,127.00312,126.76425,126.40278,124.93575,125.30005,123.84927,123.96779,126.95480,121.44669,122.61926,124.73493,127.38288,123.76404,123.36017,123.90835,125.77674,129.47859,127.87984,124.67390,126.28809,125.43121,123.93206,125.75643,124.02614,122.75564,124.06239,124.91656,127.51380,124.57063,124.55042,126.15304,123.83692,121.59265,125.03597,123.60940,131.42049,130.14259,131.28781,129.59596,135.37862,127.88003,129.68810,125.26673,129.51593,129.07592,137.57985,132.38434,132.92928,135.54745,135.22106,133.61553,141.58512,125.94936,122.48749,132.86732,135.20487,131.83115,131.56722,132.75513,130.51073,126.93151,132.14652,131.59377,130.41762,130.24268,127.11344,122.38454,121.90779,133.32487
2026-03-03,127.46305,127.70494,123.28232,124.00937,125.10910,127.90646,127.23333,122.86851,120.57902,129.03707,126.04004,124.13985,126.21809,123.10160,126.08068,129.95204,135.12671,124.71949,126.44896,127.51651,127.94428,127.46172,125.70615,124.70305,127.01847,126.77747,126.42298,124.94940,125.31259,123.86266,123.98224,126.96986,121.45215,122.62793,124.74441,127.39790,123.77778,123.36915,123.90298,125.79866,129.50232,127.90500,124.68694,126.30071,125.44561,123.94660,125.76868,124.03035,122.76797,124.06909,124.92545,127.52611,124.57668,124.55433,126.16262,123.84349,121.60151,125.04639,123.61738,131.46936,130.18466,131.34342,129.64147,135.43996,127.93441,129.73111,125.28525,129.55998,129.12055,137.65194,132.45996,132.98398,135.64361,135.27835,133.67838,141.70840,125.95556,122.50108,132.93762,135.28483,131.89694,131.61557,132.81488,130.55553,126.97974,132.19941,131.63650,130.46477,130.28696,127.12937,122.39525,121.91938,133.38813
2026-03-04,127.49073,127.71476,123.29404,124.02193,125.12555,127.92533,127.25242,122.88331,120.58910,129.05531,126.05470,124.15192,126.23326,123.10868,126.08979,129.96675,135.20200,124.73816,126.46202,127.53444,127.95306,127.50039,125.72596,124.71734,127.03381,126.79068,126.44318,124.96306,125.32513,123.87605,123.99670,126.98493,121.45760,122.63660,124.75390,127.41292,123.79151,123.37814,123.89760,125.82057,129.52605,127.93016,124.69998,126.31333,125.46000,123.96114,125.78093,124.03456,122.78030,124.07580,124.93434,127.53842,124.58272,124.55825,126.17219,123.85007,121.61037,125.05682,123.62536,131.51824,130.22673,131.39904,129.68699,135.50130,127.98878,129.77412,125.30378,129.60402,129.16518,137.72403,132.53558,133.03868,135.73977,135.33565,133.74123,141.83168,125.96176,122.51467,133.00792,135.36479,131.96272,131.66392,132.87463,130.60033,127.02796,132.25231,131.67924,130.51192,130.33123,127.14531,122.40597,121.93097,133.45139
2026-03-05,127.51840,127.72459,123.30576,124.03449,125.14200,127.94419,127.27150,122.89811,120.59918,129.07355,126.06936,124.16399,126.24843,123.11575,126.09890,129.98146,135.27729,124.75683,126.47509,127.55238,127.96184,127.53906,125.74576,124.73162,127.04915,126.80390,126.46338,124.97671,125.33767,123.88945,124.01115,127.00000,121.46306,122.64527,124.76339,127.42795,123.80524,123.38713,123.89223,125.84249,129.54979,127.95532,124.71303,126.32594,125.47439,123.97569,125.79319,124.03877,122.79263,124.08251,124.94323,127.55073,124.58876,124.56216,126.18176,123.85664,121.61923,125.06725,123.63333,131.56711,130.26879,131.45465,129.73251,135.56265,128.04315,129.81714,125.32230,129.64806,129.20980,137.79613,132.61120,133.09339,135.83593,135.39295,133.80407,141.95496,125.96797,122.52826,133.07822,135.44475,132.02851,131.71228,132.93438,130.64513,127.07618,132.30521,131.72198,130.55907,130.37551,127.16125,122.41668,121.94255,133.51466
2026-03-06,127.54608,127.73441,123.31748,124.04705,125.15844,127.96305,127.29059,122.91291,120.60926,129.09179,126.08402,124.17606,126.26359,123.12282,126.10800,129.99617,135.35258,124.77550,126.48815,127.57032,127.97062,127.57774,125.76556,124.74591,127.06450,126.81711,126.48358,124.99037,125.35020,123.90284,124.02561,127.01506,121.46852,122.65393,124.77288,127.44297,123.81897,123.39611,123.88686,125.86441,129.57352,127.98048,124.72607,126.33856,125.48878,123.99023,125.80544,124.04298,122.80496,124.08922,124.95211,127.56304,124.59480,124.56607,126.19134,123.86321,121.62809,125.07768,123.64131,131.61599,130.31086,131.51027,129.77803,135.62399,128.09753,129.86015,125.34083,129.69211,129.25443,137.86822,132.68681,133.14809,135.93209,135.45024,133.86692,142.07824,125.97417,122.54185,133.14853,135.52472,132.09429,131.76063,132.99413,130.68992,127.12440,132.35810,131.76472,130.60621,130.41979,127.17718,122.42739,121.95414,133.57792
2026-03-07,127.57375,127.74423,123.32920,124.05961,125.17489,127.98191,127.30968,122.92771,120.61934,129.11003,126.09868,124.18813,126.27876,123.12989,126.11711,130.01087,135.42787,124.79417,126.50122,127.58825,127.97940,127.61641,125.78536,124.76019,127.07984,126.83033,126.50378,125.00402,125.36274,123.91623,124.04006,127.03013,121.47397,122.66260,124.78236,127.45799,123.83270,123.40510,123.88149,125.88633,129.59725,128.00565,124.73911,126.35117,125.50317,124.00477,125.81769,124.04719,122.81729,124.09593,124.96100,127.57535,124.60084,124.56999,126.20091,123.86979,121.63695,125.08810,123.64929,131.66486,130.35292,131.56588,129.82355,135.68533,128.15190,129.90316,125.35935,129.73615,129.29906,137.94031,132.76243,133.20279,136.02825,135.50754,133.92977,142.20151,125.98037,122.55544,133.21883,135.60468,132.16008,131.80899,133.05388,130.73472,127.17263,132.41100,131.80746,130.65336,130.46406,127.19312,122.43810,121.96573,133.64118
2026-03-08,127.60143,127.75405,123.34092,124.07217,125.19134,128.00077,127.32877,122.94251,120.62942,129.12827,126.11334,124.20020,126.29393,123.13696,126.12622,130.02558,135.50316,124.81284,126.51428,127.60619,127.98818,127.65509,125.80517,124.77448,127.09519,126.84355,126.52398,125.01768,125.37528,123.92963,124.05452,127.04519,121.47943,122.67127,124.79185,127.47302,123.84643,123.41409,123.87611,125.90825,129.62098,128.03081,124.75216,126.36379,125.51756,124.01931,125.82994,124.05140,122.82962,124.10263,124.96989,127.58767,124.60688,124.57390,126.21049,123.87636,121.64581,125.09853,123.65727,131.71374,130.39499,131.62150,129.86907,135.74667,128.20628,129.94618,125.37788,129.78020,129.34368,138.01241,132.83805,133.25749,136.12441,135.56484,133.99262,142.32479,125.98658,122.56903,133.28913,135.68464,132.22587,131.85734,133.11363,130.77952,127.22085,132.46389,131.85020,130.70051,130.50834,127.20905,122.44882,121.97731,133.70444
2026-03-09,127.62911,127.76388,123.35264,124.08473,125.20778,128.01964,127.34785,122.95732,120.63950,129.14652,126.12800,124.21227,126.30909,123.14404,126.13533,130.04029,135.57845,124.83151,126.52735,127.62412,127.99696,127.69376,125.82497,124.78876,127.11053,126.85676,126.54418,125.03133,125.38782,123.94302,124.06897,127.06026,121.48488,122.67994,124.80134,127.48804,123.86017,123.42307,123.87074,125.93017,129.64471,128.05597,124.76520,126.37641,125.53195,124.03386,125.84219,124.05561,122.84195,124.10934,124.97878,127.59998,124.61292,124.57781,126.22006,123.88293,121.65467,125.10896,123.66524,131.76261,130.43705,131.67711,129.91459,135.80801,128.26065,129.98919,125.39640,129.82424,129.38831,138.08450,132.91367,133.31219,136.22057,135.62213,134.05547,142.44807,125.99278,122.58262,133.35943,135.76461,132.29165,131.90570,133.17338,130.82432,127.26907,132.51679,131.89294,130.74766,130.55261,127.22499,122.45953,121.98890,133.76770
2026-03-10,127.65678,127.77370,123.36436,124.09729,125.22423,128.03850,127.36694,122.97212,120.64958,129.16476,126.14266,124.22434,126.32426,123.15111,126.14444,130.05500,135.65375,124.85018,126.54041,127.64206,128.00573,127.73244,125.84477,124.80304,127.12587,126.86998,126.56438,125.04499,125.40036,123.95641,124.08343,127.07533,121.49034,122.68860,124.81083,127.50306,123.87390,123.43206,123.86537,125.95209,129.66845,128.08113,124.77825,126.38902,125.54635,124.04840,125.85444,124.05982,122.85427,124.11605,124.98766,127.61229,124.61896,124.58172,126.22963,123.88951,121.66353,125.11939,123.67322,131.81149,130.47912,131.73273,129.96011,135.86935,128.31503,130.03220,125.41493,129.86829,129.43294,138.15659,132.98928,133.36690,136.31673,135.67943,134.11832,142.57135,125.99899,122.59621,133.42974,135.84457,132.35744,131.95405,133.23313,130.86912,127.31730,132.56969,131.93568,130.79481,130.59689,127.24092,122.47024,122.00049,133.83096
2026-03-11,127.68446,127.78352,123.37608,124.10985,125.24068,128.05736,127.38603,122.98692,120.65966,129.18300,126.15732,124.23641,126.33943,123.15818,126.15355,130.06971,135.72904,124.86885,126.55348,127.65999,128.01451,127.77111,125.86458,124.81733,127.14122,126.88320,126.58458,125.05864,125.41289,123.96981,124.09788,127.09039,121.49579,122.69727,124.82032,127.51809,123.88763,123.44105,123.86000,125.97401,129.69218,128.10629,124.79129,126.40164,125.56074,124.06294,125.86669,124.06403,122.86660,124.12276,124.99655,127.62460,124.62500,124.58564,126.23921,123.89608,121.67239,125.12981,123.68120,131.86036,130.52118,131.78834,130.00563,135.93069,128.36940,130.07522,125.43346,129.91233,129.47757,138.22868,133.06490,133.42160,136.41289,135.73672,134.18117,142.69462,126.00519,122.60980,133.50004,135.92453,132.42323,132.00240,133.29288,130.91392,127.36552,132.62258,131.97842,130.84196,130.64116,127.25686,122.48095,122.01207,133.89423
2026-03-12,127.71214,127.79334,123.38780,124.12241,125.25713,128.07622,127.40511,123.00172,120.66974,129.20124,126.17198,124.24848,126.35460,123.16525,126.16265,130.08441,135.80433,124.88752,126.56654,127.67793,128.02329,127.80979,125.88438,124.83161,127.15656,126.89641,126.60478,125.07230,125.42543,123.98320,124.11234,127.10546,121.50125,122.70594,124.82980,127.53311,123.90136,123.45003,123.85462,125.99593,129.71591,128.13145,124.80433,126.41425,125.57513,124.07748,125.87894,124.06824,122.87893,124.12947,125.00544,127.63691,124.63104,124.58955,126.24878,123.90265,121.68125,125.14024,123.68917,131.90924,130.56325,131.84396,130.05115,135.99203,128.42377,130.11823,125.45198,129.95637,129.52219,138.30078,133.14052,133.47630,136.50905,135.79402,134.24402,142.81790,126.01139,122.62339,133.57034,136.00450,132.48901,132.05076,133.35263,130.95871,127.41374,132.67548,132.02116,130.88911,130.68544,127.27280,122.49167,122.02366,133.95749
2026-03-13,127.73981,127.80317,123.39953,124.13497,125.27357,128.09508,127.42420,123.01652,120.67982,129.21948,126.18664,124.26055,126.36976,123.17233,126.17176,130.09912,135.87962,124.90619,126.57961,127.69586,128.03207,127.84846,125.90418,124.84590,127.17190,126.90963,126.62498,125.08595,125.43797,123.99659,124.12679,127.12052,121.50671,122.71461,124.83929,127.54813,123.91509,123.45902,123.84925,126.01785,129.73964,128.15661,124.81738,126.42687,125.58952,124.09203,125.89119,124.07245,122.89126,124.13618,125.01433,127.64922,124.63708,124.59346,126.25835,123.90923,121.69011,125.15067,123.69715,131.95811,130.60531,131.89957,130.09667,136.05337,128.47815,130.16124,125.47051,130.00042,129.56682,138.37287,133.21614,133.53100,136.60521,135.85132,134.30687,142.94118,126.01760,122.63698,133.64064,136.08446,132.55480,132.09911,133.41239,131.00351,127.46196,132.72837,132.06390,130.93626,130.72972,127.28873,122.50238,122.03525,134.02075
2026-03-14,127.76749,127.81299,123.41125,124.14753,125.29002,128.11395,127.44329,123.03132,120.68990,129.23772,126.20129,124.27262,126.38493,123.17940,126.18087,130.11383,135.95491,124.92486,126.59267,127.71380,128.04085,127.88714,125.92398,124.86018,127.18725,126.92284,126.64517,125.09960,125.45051,124.00998,124.14124,127.13559,121.51216,122.72327,124.84878,127.56316,123.92882,123.46800,123.84388,126.03977,129.76337,128.18177,124.83042,126.43949,125.60391,124.10657,125.90345,124.07666,122.90359,124.14288,125.02321,127.66153,124.64312,124.59737,126.26793,123.91580,121.69897,125.16110,123.70513,132.00699,130.64738,131.95519,130.14219,136.11471,128.53252,130.20426,125.48903,130.04446,129.61145,138.44496,133.29175,133.58571,136.70137,135.90861,134.36972,143.06446,126.02380,122.65057,133.71095,136.16442,132.62059,132.14747,133.47214,131.04831,127.51019,132.78127,132.10664,130.98341,130.77399,127.30467,122.51309,122.04683,134.08401
2026-03-15,127.79516,127.82281,123.42297,124.16009,125.30647,128.13281,127.46238,123.04612,120.69998,129.25596,126.21595,124.28468,126.40010,123.18647,126.18998,130.12854,136.03020,124.94353,126.60574,127.73174,128.04963,127.92581,125.94379,124.87447,127.20259,126.93606,126.66537,125.11326,125.46304,124.02338,124.15570,127.15066,121.51762,122.73194,124.85827,127.57818,123.94256,123.47699,123.83851,126.06169,129.78710,128.20693,124.84346,126.45210,125.61830,124.12111,125.91570,124.08087,122.91592,124.14959,125.03210,127.67385,124.64916,124.60129,126.27750,123.92237,121.70783,125.17152,123.71311,132.05586,130.68944,132.01080,130.18771,136.17605,128.58690,130.24727,125.50756,130.08851,129.65607,138.51706,133.36737,133.64041,136.79752,135.96591,134.43257,143.18773,126.03000,122.66416,133.78125,136.24439,132.68637,132.19582,133.53189,131.09311,127.55841,132.83417,132.14938,131.03056,130.81827,127.32060,122.52380,122.05842,134.14727
2026-03-16,127.82284,127.83263,123.43469,124.17265,125.32291,128.15167,127.48146,123.06092,120.71006,129.27420,126.23061,124.29675,126.41527,123.19354,126.19909,130.14325,136.10549,124.96220,126.61880,127.74967,128.05841,127.96448,125.96359,124.88875,127.21793,126.94928,126.68557,125.12691,125.47558,124.03677,124.17015,127.16572,121.52307,122.74061,124.86776,127.59320,123.95629,123.48598,123.83313,126.08360,129.81084,128.23209,124.85651,126.46472,125.63269,124.13565,125.92795,124.08508,122.92825,124.15630,125.04099,127.68616,124.65520,124.60520,126.28708,123.92895,121.71669,125.18195,123.72108,132.10474,130.73151,132.06642,130.23322,136.23739,128.64127,130.29028,125.52608,130.13255,129.70070,138.58915,133.44299,133.69511,136.89368,136.02320,134.49542,143.31101,126.03621,122.67775,133.85155,136.32435,132.75216,132.24418,133.59164,131.13791,127.60663,132.88706,132.19212,131.07771,130.86254,127.33654,122.53452,122.07001,134.21054
2026-03-17,127.85052,127.84246,123.44641,124.18521,125.33936,128.17053,127.50055,123.07572,120.72014,129.29244,126.24527,124.30882,126.43043,123.20061,126.20819,130.15795,136.18078,124.98087,126.63187,127.76761,128.06719,128.00316,125.98339,124.90303,127.23328,126.96249,126.70577,125.14057,125.48812,124.05016,124.18461,127.18079,121.52853,122.74928,124.87724,127.60822,123.97002,123.49496,123.82776,126.10552,129.83457,128.25725,124.86955,126.47734,125.64709,124.15020,125.94020,124.08929,122.94058,124.16301,125.04987,127.69847,124.66124,124.60911,126.29665,123.93552,121.72555,125.19238,123.72906,132.15361,130.77357,132.12203,130.27874,136.29873,128.69565,130.33329,125.54461,130.17659,129.74533,138.66124,133.51861,133.74981,136.98984,136.08050,134.55827,143.43429,126.04241,122.69134,133.92185,136.40431,132.81795,132.29253,133.65139,131.18271,127.65486,132.93996,132.23486,131.12486,130.90682,127.35247,122.54523,122.08159,134.27380
2026-03-18,127.87819,127.85228,123.45813,124.19777,125.35581,128.18939,127.51964,123.09052,120.73021,129.31068,126.25993,124.32089,126.44560,123.20769,126.21730,130.17266,136.25608,124.99954,126.64493,127.78554,128.07597,128.04183,126.00319,124.91732,127.24862,126.97571,126.72597,125.15422,125.50066,124.06356,124.19906,127.19585,121.53399,122.75795,124.88673,127.62325,123.98375,123.50395,123.82239,126.12744,129.85830,128.28241,124.88260,126.48995,125.66148,124.16474,125.95245,124.09350,122.95291,124.16972,125.05876,127.71078,124.66729,124.61302,126.30622,123.94209,121.73441,125.20281,123.73704,132.20269,130.81564,132.17765,130.32426,136.36007,128.75002,130.37631,125.56313,130.22064,129.78995,138.73334,133.59423,133.80452,137.08600,136.13780,134.62112,143.55757,126.04862,122.70493,133.99216,136.48427,132.88373,132.34088,133.71114,131.22751,127.70308,132.99285,132.27760,131.17201,130.95110,127.36841,122.55594,122.09318,134.33706
2026-03-19,127.90587,127.86210,123.46985,124.21034,125.37226,128.20826,127.53872,123.10532,120.74029,129.32893,126.27459,124.33296,126.46077,123.21476,126.22641,130.18737,136.33137,125.01821,126.65800,127.80348,128.08475,128.08051,126.02300,124.93160,127.26396,126.98893,126.74617,125.16788,125.51319,124.07695,124.21352,127.21092,121.53944,122.76661,124.89622,127.63827,123.99748,123.51294,123.81702,126.14936,129.88203,128.30757,124.89564,126.50257,125.67587,124.17928,125.96470,124.09771,122.96524,124.17643,125.06765,127.72309,124.67333,124.61694,126.31580,123.94867,121.74327,125.21323,123.74502,132.25136,130.85770,132.23326,130.36978,136.42141,128.80440,130.41932,125.58166,130.26468,129.83458,138.80543,133.66984,133.85922,137.18216,136.19509,134.68397,143.68084,126.05482,122.71852,134.06246,136.56424,132.94952,132.38924,133.77089,131.27230,127.75130,133.04575,132.32034,131.21916,130.99537,127.38435,122.56665,122.10476,134.40032
2026-03-20,127.93355,127.87192,123.48157,124.22290,125.38870,128.22712,127.55781,123.12012,120.75037,129.34717,126.28925,124.34503,126.47594,123.22183,126.23552,130.20208,136.40666,125.03688,126.67106,127.82141,128.09353,128.11918,126.04280,124.94589,127.27931,127.00214,126.76637,125.18153,125.52573,124.09034,124.22797,127.22599,121.54490,122.77528,124.90571,127.65329,124.01121,123.52192,123.81164,126.17128,129.90576,128.33274,124.90868,126.51518,125.69026,124.19382,125.97695,124.10192,122.97757,124.18313,125.07654,127.73540,124.67937,124.62085,126.32537,123.95524,121.75213,125.22366,123.75299,132.30024,130.89977,132.28888,130.41530,136.48276,128.85877,130.46233,125.60018,130.30873,129.87921,138.87752,133.74546,133.91392,137.27832,136.25239,134.74682,143.80412,126.06102,122.73211,134.13276,136.64420,133.01531,132.43759,133.83064,131.31710,127.79952,133.09865,132.36308,131.26631,131.03965,127.40028,122.57737,122.11635,134.46358
2026-03-21,127.96122,127.88175,123.49329,124.23546,125.40515,128.24598,127.57690,123.13492,120.76045,129.36541,126.30391,124.35710,126.49110,123.22890,126.24463,130.21678,136.48195,125.05555,126.68413,127.83935,128.10230,128.15786,126.06260,124.96017,127.29465,127.01536,126.78657,125.19519,125.53827,124.10374,124.24243,127.24105,121.55035,122.78395,124.91520,127.66832,124.02495,123.53091,123.80627,126.19320,129.92950,128.35790,124.92173,126.52780,125.70465,124.20837,125.98920,124.10613,122.98990,124.18984,125.08542,127.74771,124.68541,124.62476,126.33494,123.96181,121.76099,125.23409,123.76097,132.34911,130.94183,132.34449,130.46082,136.54410,128.91314,130.50535,125.61871,130.35277,129.92384,138.94962,133.82108,133.96862,137.37448,136.30969,134.80966,143.92740,126.06723,122.74570,134.20306,136.72416,133.08109,132.48595,133.89039,131.36190,127.84775,133.15154,132.40582,131.31345,131.08392,127.41622,122.58808,122.12794,134.52684
2026-03-22,127.98890,127.89157,123.50501,124.24802,125.42160,128.26484,127.59599,123.14973,120.77053,129.38365,126.31857,124.36917,126.50627,123.23597,126.25374,130.23149,136.55724,125.07422,126.69719,127.85728,128.11108,128.19653,126.08241,124.97446,127.30999,127.02858,126.80677,125.20884,125.55081,124.11713,124.25688,127.25612,121.55581,122.79262,124.92468,127.68334,124.03868,123.53990,123.80090,126.21512,129.95323,128.38306,124.93477,126.54042,125.71904,124.22291,126.00145,124.11034,123.00223,124.19655,125.09431,127.76003,124.69145,124.62868,126.34452,123.96839,121.76985,125.24452,123.76895,132.39799,130.98390,132.40011,130.50634,136.60544,128.96752,130.54836,125.63724,130.39682,129.96846,139.02171,133.89670,134.02333,137.47064,136.36698,134.87251,144.05068,126.07343,122.75929,134.27337,136.80413,133.14688,132.53430,133.95014,131.40670,127.89597,133.20444,132.44856,131.36060,131.12820,127.43215,122.59879,122.13952,134.59011
2026-03-23,127.96649,127.80157,123.44544,124.20400,125.38112,128.26193,127.58349,123.13539,120.73860,129.30677,126.27906,124.24907,126.44061,123.14587,126.16412,130.14409,136.70666,125.12903,126.60220,127.82999,127.94991,128.17811,126.07104,124.90876,127.30426,126.93618,126.77033,125.16914,125.47610,124.07535,124.21825,127.20473,121.50640,122.70876,124.83127,127.60575,124.00370,123.45656,123.75657,126.11898,129.97891,128.36726,124.88825,126.47311,125.67390,124.19842,125.93716,124.03954,122.98088,124.13169,125.00580,127.70213,124.63309,124.47096,126.22396,123.86958,121.64097,125.18551,123.66530,132.42595,131.03272,132.46173,130.53342,136.67545,129.00787,130.58074,125.61687,130.44420,129.98459,139.13002,133.95208,134.12849,137.61269,136.40110,134.93541,144.24414,125.92082,122.67518,134.35086,136.90348,133.24587,132.57858,134.01612,131.44441,127.95484,133.26617,132.48873,131.42264,131.14491,127.44061,122.51421,122.08952,134.42716
2026-03-24,128.10621,127.94322,123.54655,124.30428,125.53281,128.44561,127.73308,123.16786,120.78899,129.51435,126.41929,124.34527,126.64724,123.27032,126.31755,130.37458,136.85351,125.17138,126.78780,128.01310,128.10223,128.30824,126.23063,125.05122,127.46854,127.12848,126.96419,125.34386,125.63854,124.20970,124.33641,127.34563,121.62862,122.82104,124.93731,127.74897,124.12398,123.54956,123.91865,126.17727,130.12905,128.49384,125.00913,126.57771,125.78537,124.29794,126.06573,124.15544,123.06114,124.21611,125.11295,127.81571,124.75005,124.58046,126.33446,123.99537,121.74399,125.32417,123.75803,132.54236,131.18817,132.60583,130.71775,136.81903,129.22012,130.71667,125.75376,130.60107,130.16500,139.31984,134.15140,134.25424,137.79780,136.57144,135.11712,144.47589,126.06349,122.82454,134.54384,137.11527,133.40413,132.77147,134.22644,131.63012,128.10422,133.41696,132.67649,131.59443,131.28626,127.57757,122.58804,122.16150,134.35231
2026-03-25,128.19846,127.87288,123.55455,124.38073,125.56238,128.48197,127.80780,123.27592,120.88295,129.54429,126.46196,124.39339,126.64624,123.33103,126.40110,130.39735,137.08325,125.34750,126.78437,128.08088,128.05911,128.39619,126.31328,125.07703,127.50223,127.11578,127.01319,125.36150,125.62764,124.32586,124.38491,127.42294,121.68425,122.87354,125.00968,127.81504,124.21720,123.59869,124.09712,126.14499,130.26090,128.57559,125.07584,126.63968,125.82954,124.36621,126.08879,124.19082,123.15662,124.26087,125.15690,127.90187,124.84744,124.59030,126.40577,124.05448,121.79353,125.39554,123.81341,132.70304,131.33727,132.79346,130.85900,136.99231,129.37045,130.87411,125.87146,130.75102,130.27533,139.53564,134.30079,134.45824,138.00348,136.70945,135.29886,144.76491,126.05520,122.89064,134.74113,137.28788,133.61644,132.91866,134.39068,131.79776,128.25108,133.58107,132.80732,131.75917,131.40125,127.68253,122.59560,122.20752,134.64052
2026-03-26,128.32674,128.13303,123.65983,124.51300,125.67966,128.64534,127.92085,123.33298,120.93706,129.72647,126.65340,124.48683,126.75999,123.41274,126.52363,130.56329,137.19010,125.41520,126.90676,128.22701,128.29560,128.57778,126.43874,125.18355,127.67119,127.24843,127.12912,125.46028,125.75612,124.43491,124.45509,127.54341,121.83378,122.94820,125.12869,127.97369,124.29339,123.69294,124.33244,126.17990,130.37545,128.66986,125.17447,126.79791,125.95172,124.46554,126.28620,124.35191,123.25070,124.40112,125.31214,128.05951,124.97252,124.74131,126.53428,124.23545,121.88359,125.49279,123.93766,132.84231,131.43523,132.91764,130.99395,137.15930,129.49591,131.03867,126.03349,130.90513,130.42112,139.66999,134.44681,134.56538,138.16759,136.81812,135.42693,144.86412,126.23819,122.97101,134.86255,137.43231,133.73723,133.03443,134.48946,131.91091,128.35624,133.70364,132.91377,131.88667,131.53873,127.79286,122.70369,122.32262,134.80590
2026-03-27,128.33710,128.22779,123.80857,124.51342,125.64508,128.54016,127.85273,123.36070,121.11209,129.70153,126.64479,124.52167,126.85015,123.56888,126.59015,130.67851,136.87190,124.98237,126.96081,128.13017,128.45577,128.54673,126.22729,125.25288,127.65497,127.36463,127.07409,125.52215,125.83562,124.41608,124.56615,127.57863,122.05745,123.11978,125.23768,128.11789,124.27794,123.73864,124.50411,126.19097,130.16922,128.63006,125.21519,126.84873,125.91044,124.48809,126.71627,124.42074,123.13250,124.56833,125.44707,128.10484,125.09365,125.07779,126.77133,124.35268,121.99255,125.44477,124.16426,132.82046,131.32045,132.79994,131.00784,136.98412,129.34635,130.85427,125.77896,130.71412,130.39257,139.76940,134.23655,134.30376,137.99409,136.93789,135.30121,145.10697,126.55329,122.95273,134.76410,137.33662,133.44285,133.01748,134.33420,131.92126,128.28759,133.81459,132.77655,131.75906,131.56252,127.67164,122.70163,122.36431,135.23397
2026-03-28,128.25096,127.87264,123.58335,124.40866,125.46124,128.45693,127.78177,123.27512,120.94831,129.50802,126.47440,124.24790,126.58049,123.34171,126.34149,130.36890,137.30706,125.11604,126.71396,128.02450,128.11825,128.61369,126.18811,125.04101,127.51145,127.07406,126.96685,125.27668,125.57360,124.32921,124.43814,127.42339,121.74059,122.86026,125.02662,127.88618,124.12896,123.53648,124.21924,126.01728,130.19663,128.58445,125.07228,126.64264,125.77648,124.33140,126.41569,124.18076,123.03952,124.32906,125.19122,127.88876,124.90981,124.67206,126.48268,124.10038,121.69207,125.27381,123.92195,132.94463,131.42811,132.91039,131.04965,137.17305,129.51287,130.95517,125.75245,130.79245,130.44004,139.91507,134.47226,134.54005,138.35734,136.99492,135.45447,145.53462,126.16693,122.80647,134.88932,137.55294,133.72318,133.06009,134.47108,131.97090,128.37735,133.90905,132.84522,131.89947,131.58571,127.54101,122.47846,122.15348,134.94554
2026-03-29,128.14135,127.88353,123.42190,124.23013,125.33793,128.16308,127.54559,123.16483,120.88274,129.31242,126.33973,124.36522,126.51871,123.36046,126.38782,130.30682,137.04694,125.02106,126.60182,127.78004,128.23883,128.41492,125.97671,124.93929,127.29862,126.98801,126.79330,125.16621,125.41312,124.13884,124.28354,127.37027,121.71968,122.78810,125.02172,127.84494,124.02416,123.55546,124.29654,126.01322,130.08144,128.39206,124.93216,126.65887,125.71229,124.20333,126.32705,124.25795,122.94467,124.41099,125.27128,127.88859,125.03419,124.83414,126.55034,124.04991,121.79717,125.23124,123.92914,132.77653,131.19436,132.77957,130.82056,137.00848,129.33859,130.75547,125.66591,130.64982,130.20470,139.61511,134.29646,134.33849,138.18755,136.82395,135.25072,145.22295,126.24043,122.74396,134.65260,137.33447,133.51151,132.81634,134.23946,131.71663,128.20167,133.60981,132.60186,131.71753,131.38299,127.35497,122.56357,122.06639,134.85815
2026-03-30,128.06788,127.58512,123.23048,124.16151,125.18667,128.09046,127.48371,123.05497,120.75196,129.18678,126.19156,124.05377,126.32801,123.16692,126.23883,130.03651,137.32665,125.09819,126.44799,127.71547,127.93294,128.41320,125.94370,124.75614,127.17446,126.80981,126.68537,124.96984,125.20593,124.08648,124.21144,127.24950,121.55472,122.68444,124.84901,127.70017,123.92803,123.39157,124.06184,125.86979,130.14968,128.38229,124.82412,126.46244,125.56147,124.09918,126.07433,124.07232,122.84480,124.17585,125.05559,127.71889,124.86378,124.57764,126.31910,123.85874,121.61376,125.13359,123.73298,132.85435,131.29938,132.85283,130.85065,137.10092,129.44067,130.80721,125.63546,130.69775,130.21803,139.76787,134.40363,134.51213,138.37624,136.83384,135.39090,145.60732,125.93598,122.60064,134.76512,137.46683,133.68368,132.84991,134.37454,131.78706,128.27378,133.66571,132.63906,131.84906,131.39315,127.31427,122.33625,121.82943,134.49666
2026-03-31,128.27174,127.83242,123.41498,124.35432,125.42278,128.35620,127.71677,123.15747,120.89303,129.49816,126.41728,124.22716,126.59095,123.34126,126.45687,130.30895,137.48694,125.19642,126.70974,127.95801,128.16410,128.58236,126.18491,124.96344,127.43265,127.11294,126.94314,125.21484,125.46466,124.27078,124.41902,127.47426,121.74727,122.89495,125.03899,127.92666,124.11898,123.58869,124.11719,126.18181,130.38401,128.60517,125.01855,126.62490,125.74871,124.27944,126.28606,124.26831,123.00659,124.32699,125.23837,127.89700,125.01757,124.77094,126.49606,124.04042,121.76643,125.33314,123.88093,133.03190,131.52107,133.05657,131.06644,137.32079,129.67825,131.00672,125.83117,130.91285,130.45698,139.95118,134.63622,134.68088,138.58859,137.01523,135.57336,145.79347,126.14796,122.79942,135.00355,137.67837,133.86306,133.05355,134.61668,132.02850,128.46126,133.83666,132.86773,132.06198,131.60854,127.56663,122.53659,122.01693,134.55985
2026-04-01,128.38105,127.99923,123.52081,124.45350,125.55349,128.49894,127.83699,123.17287,120.94172,129.65205,126.53877,124.32774,126.74934,123.43797,126.58424,130.48627,137.56761,125.20264,126.86161,128.08367,128.29226,128.62363,126.29220,125.07971,127.56963,127.28068,127.08873,125.35392,125.61319,124.37737,124.52968,127.57869,121.86315,123.00359,125.13180,128.03215,124.21003,123.69491,124.34535,126.14344,130.47894,128.70707,125.12400,126.71150,125.85374,124.36570,126.40961,124.36879,123.07729,124.42885,125.35369,127.99197,125.11830,124.90311,126.60130,124.15678,121.86302,125.45062,123.96521,133.09471,131.64714,133.15918,131.20029,137.43917,129.80717,131.10040,125.93251,131.01775,130.60161,140.04083,134.78877,134.76086,138.71447,137.13525,135.68196,145.92419,126.29160,122.93239,135.13546,137.81182,133.95944,133.16475,134.74084,132.16063,128.56673,133.93344,132.99427,132.15683,131.71563,127.68072,122.65235,122.14233,134.46776
2026-04-02,127.96961,127.31560,123.22484,124.13127,125.07996,127.84644,127.21986,123.24591,121.00636,128.94452,126.05182,124.29631,126.20563,122.96511,126.05568,130.07512,137.10986,125.04522,126.26238,127.48908,127.56336,128.30511,125.77526,124.77631,127.00257,126.61822,126.42948,124.91497,125.11110,124.09692,124.04972,127.04190,121.40024,122.55813,124.71526,127.45544,123.95610,123.12611,123.89273,125.70716,129.81651,128.33007,124.76443,126.32732,125.46821,124.12231,125.78660,123.84895,122.84545,123.98102,124.89132,127.67695,124.52239,124.47044,126.24210,123.79347,121.55680,125.12151,123.63863,132.62794,131.18460,132.73870,130.70473,136.83861,129.24615,130.65832,125.42662,130.56907,130.09592,139.71974,134.48273,134.17049,138.42805,136.77102,135.29581,145.65162,125.84532,122.53186,134.89318,137.56746,133.55051,132.90358,134.47281,131.68518,128.30377,133.72107,132.68677,131.63629,131.27622,127.33962,122.25671,121.91944,134.73244
2026-04-03,128.24551,127.71837,123.47877,124.39169,125.43555,128.29810,127.67926,123.23357,121.00559,129.41323,126.39808,124.48892,126.59031,123.15791,126.31594,130.42057,137.37218,125.14063,126.66833,127.87417,127.95970,128.63262,126.18796,125.08463,127.37520,127.04950,126.86470,125.27312,125.48836,124.36647,124.29620,127.33758,121.59815,122.80582,124.93778,127.74238,124.13333,123.38033,124.04180,125.91448,130.12896,128.60490,125.00323,126.50970,125.69932,124.31500,126.00839,124.06156,123.05350,124.14882,125.09561,127.83526,124.72769,124.62027,126.41584,123.96484,121.78513,125.38895,123.79948,132.96359,131.55044,133.02533,131.06149,137.20908,129.66143,130.99124,125.72621,130.91347,130.48239,139.92464,134.85977,134.42369,138.77030,137.07903,135.56998,145.83926,126.09875,122.83251,135.22343,137.88861,133.82098,133.15447,134.81768,132.01416,128.50852,133.91620,133.06173,131.95021,131.56881,127.62979,122.53081,122.18903,134.61206
2026-04-04,128.20828,127.62170,123.36661,124.32908,125.37267,128.25569,127.66759,123.17549,120.94127,129.35689,126.34206,124.36047,126.49340,123.07320,126.27288,130.30540,137.47040,125.18732,126.57564,127.84782,127.83878,128.59874,126.16990,124.99336,127.30886,126.95119,126.83356,125.19871,125.38395,124.33105,124.23388,127.27330,121.51943,122.74094,124.87641,127.67077,124.09077,123.31724,123.93400,125.87163,130.15418,128.54129,124.92786,126.42971,125.62101,124.24328,125.88894,123.98264,123.01639,124.05008,124.99384,127.76876,124.68738,124.52132,126.33067,123.87945,121.69368,125.33933,123.71496,132.96856,131.56899,133.08241,131.07088,137.23938,129.69936,131.00702,125.71235,130.92242,130.47373,139.98903,134.88724,134.50124,138.85872,137.08173,135.60748,145.98952,125.96463,122.76122,135.28526,137.92527,133.89855,133.17572,134.86843,132.03922,128.53330,133.93968,133.05819,131.98177,131.54822,127.61985,122.41941,122.08807,134.45774
2026-04-05,128.31288,127.72095,123.43750,124.41198,125.46258,128.40539,127.78574,123.21842,120.99126,129.47781,126.45782,124.37493,126.57745,123.12244,126.33586,130.41296,137.68149,125.26291,126.64654,127.97276,127.90181,128.73812,126.28564,125.05445,127.43737,127.01898,126.95130,125.28642,125.45934,124.42394,124.30396,127.35068,121.60158,122.78931,124.93669,127.74863,124.17396,123.37133,123.99562,125.93370,130.25598,128.62905,124.99019,126.50127,125.69960,124.31930,125.98822,124.05566,123.09001,124.10826,125.05623,127.83828,124.76572,124.54992,126.39093,123.97466,121.71159,125.40882,123.76782,133.10356,131.70253,133.24985,131.21874,137.41103,129.86131,131.14889,125.80935,131.05751,130.61598,140.20410,135.06532,134.66747,139.09946,137.22090,135.79226,146.26898,126.01340,122.82405,135.46846,138.13198,134.10140,133.30895,135.02659,132.18449,128.68368,134.09830,133.18830,132.14179,131.67642,127.72345,122.44323,122.11609,134.53579
2026-04-06,128.30006,127.61316,123.35481,124.39268,125.40761,128.33229,127.76242,123.19958,120.96320,129.42449,126.39840,124.29052,126.51945,123.08984,126.33999,130.31686,137.77771,125.31357,126.59758,127.94130,127.82641,128.68053,126.26856,124.98180,127.38674,126.97503,126.89831,125.22052,125.37009,124.38993,124.29854,127.35474,121.54820,122.79169,124.92169,127.73015,124.15176,123.36416,123.94696,125.94861,130.32654,128.63834,124.95665,126.46898,125.66819,124.27406,125.90626,124.00358,123.06182,124.06222,125.00968,127.83476,124.72822,124.52963,126.35157,123.92111,121.66343,125.39862,123.74323,133.14323,131.74941,133.29426,131.20663,137.47994,129.89377,131.16414,125.83876,131.08202,130.61171,140.26791,135.10631,134.74344,139.19457,137.25644,135.84156,146.42126,125.95679,122.77810,135.51429,138.17151,134.16726,133.32664,135.07387,132.22848,128.70463,134.12476,133.19476,132.18865,131.67506,127.70280,122.39758,122.05532,134.41281
2026-04-07,128.25089,127.54124,123.28333,124.30422,125.34415,128.28770,127.72229,123.13833,120.90624,129.37949,126.35095,124.20543,126.45384,123.01700,126.26893,130.24248,137.81181,125.28767,126.52779,127.89334,127.76372,128.67929,126.24205,124.90236,127.34023,126.89425,126.86094,125.15643,125.29600,124.30055,124.23291,127.29918,121.48478,122.72797,124.85404,127.66713,124.09795,123.29838,123.86137,125.89344,130.27053,128.59490,124.88669,126.41440,125.59874,124.22756,125.83788,123.92884,123.00329,123.98741,124.92729,127.76980,124.67216,124.38694,126.27839,123.85015,121.57078,125.32484,123.67905,133.11161,131.73495,133.29006,131.16573,137.47193,129.87196,131.13330,125.76684,131.05223,130.56731,140.27939,135.09344,134.75848,139.24512,137.22871,135.83228,146.49827,125.85482,122.69510,135.51437,138.19098,134.19275,133.29794,135.05723,132.19916,128.68524,134.10288,133.16078,132.18398,131.63334,127.65164,122.31279,121.97492,134.24337
2026-04-08,128.53348,127.91636,123.57896,124.58405,125.66854,128.62760,128.03572,123.26706,121.07063,129.77466,126.66452,124.49255,126.82099,123.27923,126.56780,130.64183,137.98086,125.37124,126.87431,128.22438,128.13957,128.97332,126.55333,125.21077,127.69763,127.29543,127.20690,125.49437,125.65238,124.59258,124.49807,127.57823,121.75986,123.00187,125.11460,127.95936,124.33495,123.59361,124.13394,126.13723,130.50660,128.84561,125.13543,126.66211,125.86264,124.45730,126.14206,124.19633,123.23344,124.24926,125.20596,127.99943,124.88978,124.66339,126.54299,124.13220,121.83988,125.56460,123.91835,133.36933,132.00974,133.56700,131.47832,137.76071,130.17485,131.43006,126.07150,131.35209,130.90694,140.50311,135.42089,134.95023,139.50954,137.51603,136.08213,146.70375,126.19981,123.02578,135.81951,138.48792,134.42468,133.55935,135.34026,132.50272,128.92756,134.34371,133.46160,132.44181,131.93097,127.93368,122.61199,122.28897,134.55681
2026-04-09,128.39278,127.62277,123.35633,124.41079,125.44270,128.42168,127.85148,123.20661,120.95795,129.51030,126.48083,124.24700,126.54589,123.09678,126.37240,130.35546,138.12842,125.40178,126.60379,128.05508,127.83500,128.85562,126.37412,124.98333,127.48410,126.97312,127.00123,125.24428,125.37070,124.44362,124.31699,127.39243,121.57812,122.80482,124.93529,127.76298,124.20113,123.39197,123.95342,125.99313,130.40596,128.70189,124.96960,126.51075,125.69911,124.32197,125.93213,124.01840,123.09346,124.07539,125.01634,127.86531,124.76845,124.46358,126.36081,123.97735,121.61342,125.40672,123.74793,133.31774,131.90540,133.55483,131.38909,137.71359,130.11322,131.34963,125.92231,131.25906,130.78437,140.60829,135.37766,135.00997,139.61030,137.44190,136.11738,146.97318,125.92652,122.80127,135.79935,138.50574,134.49820,133.50507,135.28921,132.42737,128.91914,134.34933,133.34085,132.41194,131.82171,127.76370,122.35725,122.02695,134.03236
2026-04-10,128.38266,127.52631,123.28779,124.38667,125.37759,128.36048,127.80606,123.21303,120.95810,129.44202,126.43880,124.18004,126.47889,123.07297,126.36085,130.27111,138.22852,125.45394,126.54606,128.01015,127.74981,128.84046,126.35597,124.91090,127.44987,126.91319,126.93273,125.17838,125.28305,124.39573,124.30968,127.38683,121.54046,122.80353,124.92978,127.74496,124.18123,123.39141,123.90621,126.00026,130.43211,128.70742,124.94362,126.48281,125.66430,124.29233,125.87505,123.98180,123.06067,124.03726,124.97759,127.86579,124.74935,124.39175,126.33915,123.93934,121.55053,125.38329,123.73256,133.37151,131.92800,133.59315,131.38838,137.78207,130.12959,131.36604,125.93178,131.27753,130.77423,140.69447,135.40900,135.09524,139.71734,137.46827,136.16885,147.13065,125.85857,122.74387,135.84305,138.56458,134.56682,133.52927,135.33644,132.45248,128.94542,134.38842,133.34020,132.45053,131.82064,127.73660,122.29857,121.96370,134.12909
2026-04-11,128.39808,127.54812,123.31075,124.36554,125.39800,128.39462,127.83770,123.16842,120.92131,129.46334,126.46600,124.19043,126.50557,123.06398,126.34788,130.30606,138.29433,125.42849,126.57109,128.02823,127.78642,128.89720,126.38010,124.93106,127.48346,126.92801,126.96630,125.19949,125.31487,124.37632,124.30632,127.37795,121.54050,122.78680,124.92037,127.73816,124.16011,123.38874,123.90439,125.96537,130.39668,128.70273,124.93042,126.47640,125.65804,124.28539,125.87356,123.98095,123.06811,124.02184,124.96957,127.84038,124.72799,124.35466,126.31977,123.93275,121.54183,125.36975,123.71813,133.40039,131.95590,133.63593,131.43447,137.81736,130.17144,131.40540,125.93863,131.31373,130.81145,140.72970,135.48153,135.13502,139.81966,137.51515,136.22029,147.22254,125.86014,122.76049,135.89655,138.64412,134.62318,133.54541,135.36560,132.48102,128.97857,134.42363,133.36484,132.47782,131.85107,127.70865,122.29629,121.97877,134.22816
